,source,dest,cost,time
0,N1,B010 (ALBAN TRACTOR),1454.16,2.86
1,N1,B030 (ALTORFER),1454.16,2.86
2,N1,B150 (CLEVELAND BROS),1454.16,2.86
3,N1,B160 (FABCO EQ),1454.16,2.86
4,N1,B170 (FOLEY INC.),727.08,1.43
5,N1,B190 (GILES AND RANSOME),727.08,1.43
6,N1,B270 (MACALLISTER),1454.16,2.86
7,N1,B290 (MICHIGAN CAT),1454.16,2.86
8,N1,B330 (OHIO MACHINERY),1454.16,2.86
9,N1,B350 (PATTEN IND),1454.16,2.86
10,N1,B370 (H.O. PENN MCHY),727.08,1.43
11,N1,B420 (MILTON CAT),727.08,1.43
12,N1,D070 (BLANCHARD MCHY),1454.16,2.86
13,N1,D090 (CAROLINA TR),1454.16,2.86
14,N1,D100 (CARTER MCHY),1454.16,2.86
15,N1,D120 (FABICK TR),1454.16,2.86
16,N1,D180 (GREGORY POOLE),1454.16,2.86
17,N1,D241 (LOUISIANA MCHY),2181.24,4.29
18,N1,D260 (KELLY TRACTOR),2181.24,4.29
19,N1,D310 (J.A. RIGGS),1454.16,2.86
20,N1,D350 (RING POWER),2181.24,4.29
21,N1,D390 (STOWERS MCHY),2181.24,4.29
22,N1,D420 (THOMPSON MACH),2181.24,4.29
23,N1,D430 (THOMPSON TR),1454.16,2.86
24,N1,D440 (PUCKETT MACHY),2181.24,4.29
25,N1,D470 (CI WALKER MCHY),1454.16,2.86
26,N1,D480 (WHAYNE SUPPLY),1454.16,2.86
27,N1,D500 (YANCEY BROS),2181.24,4.29
28,N1,D600 (PIPELINE MACH),2181.24,4.29
29,N1,E070 (BUTLER MCHY),2181.24,4.29
30,N1,E130 (FOLEY EQUIPMENT),2181.24,4.29
31,N1,E140 (HOLT TEXAS),2181.24,4.29
32,N1,E250 (WAGNER EQ),2908.32,5.72
33,N1,E300 (MUSTANG MACH),2181.24,4.29
34,N1,E30A (MUSTANG RENTAL),2181.24,4.29
35,N1,E330 (NEBRASKA MCHY),1454.16,2.86
36,N1,E459 (WARREN POWER),2181.24,4.29
37,N1,E480 (WHEELER MCHY),2908.32,5.72
38,N1,E490 (WYOMING MCHY),2908.32,5.72
39,N1,E500 (ZIEGLER),2181.24,4.29
40,N1,H070 (CASHMAN EQ),2908.32,5.72
41,N1,H160 (EMPIRE MACHY),2908.32,5.72
42,N1,H190 (HAWTHORNE MACHY),2908.32,5.72
43,N1,H200 (HOLT OF CA),2908.32,5.72
44,N1,H270 (JOHNSON MCHY),2908.32,5.72
45,N1,H330 (N C MACHINERY),3635.4,7.15
46,N1,H360 (PETERSON MACH),3635.4,7.15
47,N1,H370 (PETERSON TR),3635.4,7.15
48,N1,H430 (QUINN COMPANY),2908.32,5.72
49,N1,H510 (WESTERN ST. EQ.),2908.32,5.72
50,N1,N020 (TOROMONT CAT),2181.24,4.29
51,N1,N02P (BATTLEFIELD EQ),1454.16,2.86
52,N1,N030 (FINNING INT'L),3635.4,7.15
53,N1,N03C (RAYDON RENTALS),3635.4,7.15
54,N1,N050 (HEWITT EQ),1454.16,2.86
55,N1,N070 (KRAMER),2181.24,4.29
56,N1,N140 (ATLANTIC T AND E),1454.16,2.86
57,N1,N600 (PIPELINE MACH),2181.24,4.29
58,N1,R150 (PANAMERICAN),1454.16,2.86
59,N2,B010 (ALBAN TRACTOR),727.08,1.43
60,N2,B030 (ALTORFER),1454.16,2.86
61,N2,B150 (CLEVELAND BROS),1454.16,2.86
62,N2,B160 (FABCO EQ),2181.24,4.29
63,N2,B170 (FOLEY INC.),1454.16,2.86
64,N2,B190 (GILES AND RANSOME),1454.16,2.86
65,N2,B270 (MACALLISTER),1454.16,2.86
66,N2,B290 (MICHIGAN CAT),2181.24,4.29
67,N2,B330 (OHIO MACHINERY),1454.16,2.86
68,N2,B350 (PATTEN IND),1454.16,2.86
69,N2,B370 (H.O. PENN MCHY),1454.16,2.86
70,N2,B420 (MILTON CAT),1454.16,2.86
71,N2,D070 (BLANCHARD MCHY),727.08,1.43
72,N2,D090 (CAROLINA TR),727.08,1.43
73,N2,D100 (CARTER MCHY),727.08,1.43
74,N2,D120 (FABICK TR),1454.16,2.86
75,N2,D180 (GREGORY POOLE),727.08,1.43
76,N2,D241 (LOUISIANA MCHY),2181.24,4.29
77,N2,D260 (KELLY TRACTOR),1454.16,2.86
78,N2,D310 (J.A. RIGGS),1454.16,2.86
79,N2,D350 (RING POWER),1454.16,2.86
80,N2,D390 (STOWERS MCHY),1454.16,2.86
81,N2,D420 (THOMPSON MACH),1454.16,2.86
82,N2,D430 (THOMPSON TR),1454.16,2.86
83,N2,D440 (PUCKETT MACHY),1454.16,2.86
84,N2,D470 (CI WALKER MCHY),1454.16,2.86
85,N2,D480 (WHAYNE SUPPLY),1454.16,2.86
86,N2,D500 (YANCEY BROS),1454.16,2.86
87,N2,D600 (PIPELINE MACH),2908.32,5.72
88,N2,E070 (BUTLER MCHY),2908.32,5.72
89,N2,E130 (FOLEY EQUIPMENT),2181.24,4.29
90,N2,E140 (HOLT TEXAS),2181.24,4.29
91,N2,E250 (WAGNER EQ),2908.32,5.72
92,N2,E300 (MUSTANG MACH),2181.24,4.29
93,N2,E30A (MUSTANG RENTAL),2181.24,4.29
94,N2,E330 (NEBRASKA MCHY),1454.16,2.86
95,N2,E459 (WARREN POWER),2181.24,4.29
96,N2,E480 (WHEELER MCHY),2908.32,5.72
97,N2,E490 (WYOMING MCHY),2908.32,5.72
98,N2,E500 (ZIEGLER),2181.24,4.29
99,N2,H070 (CASHMAN EQ),2908.32,5.72
100,N2,H160 (EMPIRE MACHY),2908.32,5.72
101,N2,H190 (HAWTHORNE MACHY),2908.32,5.72
102,N2,H200 (HOLT OF CA),2908.32,5.72
103,N2,H270 (JOHNSON MCHY),2908.32,5.72
104,N2,H330 (N C MACHINERY),3635.4,7.15
105,N2,H360 (PETERSON MACH),3635.4,7.15
106,N2,H370 (PETERSON TR),3635.4,7.15
107,N2,H430 (QUINN COMPANY),2908.32,5.72
108,N2,H510 (WESTERN ST. EQ.),2908.32,5.72
109,N2,N020 (TOROMONT CAT),2908.32,5.72
110,N2,N02P (BATTLEFIELD EQ),2181.24,4.29
111,N2,N030 (FINNING INT'L),3635.4,7.15
112,N2,N03C (RAYDON RENTALS),3635.4,7.15
113,N2,N050 (HEWITT EQ),2181.24,4.29
114,N2,N070 (KRAMER),2908.32,5.72
115,N2,N140 (ATLANTIC T AND E),2181.24,4.29
116,N2,N600 (PIPELINE MACH),2908.32,5.72
117,N2,R150 (PANAMERICAN),727.08,1.43
118,N2,V208 (WAGNER ASIA),2181.24,4.29
119,N3,B010 (ALBAN TRACTOR),1454.16,2.86
120,N3,B030 (ALTORFER),1454.16,2.86
121,N3,B150 (CLEVELAND BROS),1454.16,2.86
122,N3,B160 (FABCO EQ),2181.24,4.29
123,N3,B170 (FOLEY INC.),2181.24,4.29
124,N3,B190 (GILES AND RANSOME),2181.24,4.29
125,N3,B270 (MACALLISTER),1454.16,2.86
126,N3,B290 (MICHIGAN CAT),2181.24,4.29
127,N3,B330 (OHIO MACHINERY),1454.16,2.86
128,N3,B350 (PATTEN IND),1454.16,2.86
129,N3,B370 (H.O. PENN MCHY),2181.24,4.29
130,N3,B420 (MILTON CAT),2181.24,4.29
131,N3,D070 (BLANCHARD MCHY),1454.16,2.86
132,N3,D090 (CAROLINA TR),1454.16,2.86
133,N3,D100 (CARTER MCHY),1454.16,2.86
134,N3,D120 (FABICK TR),1454.16,2.86
135,N3,D180 (GREGORY POOLE),1454.16,2.86
136,N3,D241 (LOUISIANA MCHY),1454.16,2.86
137,N3,D260 (KELLY TRACTOR),727.08,1.43
138,N3,D310 (J.A. RIGGS),1454.16,2.86
139,N3,D350 (RING POWER),727.08,1.43
140,N3,D390 (STOWERS MCHY),727.08,1.43
141,N3,D420 (THOMPSON MACH),727.08,1.43
142,N3,D430 (THOMPSON TR),1454.16,2.86
143,N3,D440 (PUCKETT MACHY),727.08,1.43
144,N3,D470 (CI WALKER MCHY),1454.16,2.86
145,N3,D480 (WHAYNE SUPPLY),1454.16,2.86
146,N3,D500 (YANCEY BROS),727.08,1.43
147,N3,D600 (PIPELINE MACH),2908.32,5.72
148,N3,E070 (BUTLER MCHY),2908.32,5.72
149,N3,E130 (FOLEY EQUIPMENT),2181.24,4.29
150,N3,E140 (HOLT TEXAS),1454.16,2.86
151,N3,E250 (WAGNER EQ),2181.24,4.29
152,N3,E300 (MUSTANG MACH),1454.16,2.86
153,N3,E30A (MUSTANG RENTAL),1454.16,2.86
154,N3,E330 (NEBRASKA MCHY),1454.16,2.86
155,N3,E459 (WARREN POWER),1454.16,2.86
156,N3,E480 (WHEELER MCHY),2181.24,4.29
157,N3,E490 (WYOMING MCHY),2908.32,5.72
158,N3,E500 (ZIEGLER),2181.24,4.29
159,N3,H070 (CASHMAN EQ),2181.24,4.29
160,N3,H160 (EMPIRE MACHY),2181.24,4.29
161,N3,H190 (HAWTHORNE MACHY),2181.24,4.29
162,N3,H200 (HOLT OF CA),2181.24,4.29
163,N3,H270 (JOHNSON MCHY),2181.24,4.29
164,N3,H330 (N C MACHINERY),2908.32,5.72
165,N3,H360 (PETERSON MACH),2908.32,5.72
166,N3,H370 (PETERSON TR),2908.32,5.72
167,N3,H430 (QUINN COMPANY),2181.24,4.29
168,N3,H510 (WESTERN ST. EQ.),2908.32,5.72
169,N3,N020 (TOROMONT CAT),3635.4,7.15
170,N3,N02P (BATTLEFIELD EQ),2908.32,5.72
171,N3,N030 (FINNING INT'L),3635.4,7.15
172,N3,N03C (RAYDON RENTALS),3635.4,7.15
173,N3,N050 (HEWITT EQ),2908.32,5.72
174,N3,N070 (KRAMER),2908.32,5.72
175,N3,N140 (ATLANTIC T AND E),2908.32,5.72
176,N3,N600 (PIPELINE MACH),2908.32,5.72
177,N3,P230 (MADISA),1454.16,2.86
178,N3,R150 (PANAMERICAN),1454.16,2.86
179,N3,V208 (WAGNER ASIA),2181.24,4.29
180,N4,B010 (ALBAN TRACTOR),2181.24,4.29
181,N4,B030 (ALTORFER),1454.16,2.86
182,N4,B150 (CLEVELAND BROS),1454.16,2.86
183,N4,B160 (FABCO EQ),2181.24,4.29
184,N4,B170 (FOLEY INC.),2181.24,4.29
185,N4,B190 (GILES AND RANSOME),2181.24,4.29
186,N4,B270 (MACALLISTER),1454.16,2.86
187,N4,B290 (MICHIGAN CAT),2181.24,4.29
188,N4,B330 (OHIO MACHINERY),1454.16,2.86
189,N4,B350 (PATTEN IND),1454.16,2.86
190,N4,B370 (H.O. PENN MCHY),2181.24,4.29
191,N4,B420 (MILTON CAT),2181.24,4.29
192,N4,D070 (BLANCHARD MCHY),2181.24,4.29
193,N4,D090 (CAROLINA TR),2181.24,4.29
194,N4,D100 (CARTER MCHY),2181.24,4.29
195,N4,D120 (FABICK TR),1454.16,2.86
196,N4,D180 (GREGORY POOLE),2181.24,4.29
197,N4,D241 (LOUISIANA MCHY),727.08,1.43
198,N4,D260 (KELLY TRACTOR),1454.16,2.86
199,N4,D310 (J.A. RIGGS),1454.16,2.86
200,N4,D350 (RING POWER),1454.16,2.86
201,N4,D390 (STOWERS MCHY),1454.16,2.86
202,N4,D420 (THOMPSON MACH),1454.16,2.86
203,N4,D430 (THOMPSON TR),1454.16,2.86
204,N4,D440 (PUCKETT MACHY),1454.16,2.86
205,N4,D470 (CI WALKER MCHY),1454.16,2.86
206,N4,D480 (WHAYNE SUPPLY),1454.16,2.86
207,N4,D500 (YANCEY BROS),1454.16,2.86
208,N4,D600 (PIPELINE MACH),2908.32,5.72
209,N4,E070 (BUTLER MCHY),2181.24,4.29
210,N4,E130 (FOLEY EQUIPMENT),1454.16,2.86
211,N4,E140 (HOLT TEXAS),727.08,1.43
212,N4,E250 (WAGNER EQ),1454.16,2.86
213,N4,E300 (MUSTANG MACH),727.08,1.43
214,N4,E30A (MUSTANG RENTAL),727.08,1.43
215,N4,E330 (NEBRASKA MCHY),2181.24,4.29
216,N4,E459 (WARREN POWER),727.08,1.43
217,N4,E480 (WHEELER MCHY),1454.16,2.86
218,N4,E490 (WYOMING MCHY),1454.16,2.86
219,N4,E500 (ZIEGLER),1454.16,2.86
220,N4,H070 (CASHMAN EQ),1454.16,2.86
221,N4,H160 (EMPIRE MACHY),1454.16,2.86
222,N4,H190 (HAWTHORNE MACHY),1454.16,2.86
223,N4,H200 (HOLT OF CA),1454.16,2.86
224,N4,H270 (JOHNSON MCHY),1454.16,2.86
225,N4,H330 (N C MACHINERY),2181.24,4.29
226,N4,H360 (PETERSON MACH),2181.24,4.29
227,N4,H370 (PETERSON TR),2181.24,4.29
228,N4,H430 (QUINN COMPANY),1454.16,2.86
229,N4,H510 (WESTERN ST. EQ.),2181.24,4.29
230,N4,N020 (TOROMONT CAT),3635.4,7.15
231,N4,N02P (BATTLEFIELD EQ),2908.32,5.72
232,N4,N030 (FINNING INT'L),2908.32,5.72
233,N4,N03C (RAYDON RENTALS),2908.32,5.72
234,N4,N050 (HEWITT EQ),2908.32,5.72
235,N4,N070 (KRAMER),2908.32,5.72
236,N4,N140 (ATLANTIC T AND E),2908.32,5.72
237,N4,N600 (PIPELINE MACH),2908.32,5.72
238,N4,P020 (TRACSA),1454.16,2.86
239,N4,P230 (MADISA),727.08,1.43
240,N4,P260 (MAQSA),727.08,1.43
241,N4,P280 (MATCO),1454.16,2.86
242,N4,V208 (WAGNER ASIA),1454.16,2.86
243,N5,B010 (ALBAN TRACTOR),2908.32,5.72
244,N5,B030 (ALTORFER),2181.24,4.29
245,N5,B150 (CLEVELAND BROS),2181.24,4.29
246,N5,B160 (FABCO EQ),2181.24,4.29
247,N5,B170 (FOLEY INC.),2908.32,5.72
248,N5,B190 (GILES AND RANSOME),2908.32,5.72
249,N5,B270 (MACALLISTER),2181.24,4.29
250,N5,B290 (MICHIGAN CAT),2181.24,4.29
251,N5,B330 (OHIO MACHINERY),2181.24,4.29
252,N5,B350 (PATTEN IND),2181.24,4.29
253,N5,B370 (H.O. PENN MCHY),2908.32,5.72
254,N5,B420 (MILTON CAT),2908.32,5.72
255,N5,D070 (BLANCHARD MCHY),2908.32,5.72
256,N5,D090 (CAROLINA TR),2908.32,5.72
257,N5,D100 (CARTER MCHY),2908.32,5.72
258,N5,D120 (FABICK TR),2181.24,4.29
259,N5,D180 (GREGORY POOLE),2908.32,5.72
260,N5,D241 (LOUISIANA MCHY),1454.16,2.86
261,N5,D260 (KELLY TRACTOR),2908.32,5.72
262,N5,D310 (J.A. RIGGS),2181.24,4.29
263,N5,D350 (RING POWER),2908.32,5.72
264,N5,D390 (STOWERS MCHY),2908.32,5.72
265,N5,D420 (THOMPSON MACH),2908.32,5.72
266,N5,D430 (THOMPSON TR),2181.24,4.29
267,N5,D440 (PUCKETT MACHY),2908.32,5.72
268,N5,D470 (CI WALKER MCHY),2181.24,4.29
269,N5,D480 (WHAYNE SUPPLY),2181.24,4.29
270,N5,D500 (YANCEY BROS),2908.32,5.72
271,N5,D600 (PIPELINE MACH),2181.24,4.29
272,N5,E070 (BUTLER MCHY),2181.24,4.29
273,N5,E130 (FOLEY EQUIPMENT),1454.16,2.86
274,N5,E140 (HOLT TEXAS),1454.16,2.86
275,N5,E250 (WAGNER EQ),727.08,1.43
276,N5,E300 (MUSTANG MACH),1454.16,2.86
277,N5,E30A (MUSTANG RENTAL),1454.16,2.86
278,N5,E330 (NEBRASKA MCHY),2181.24,4.29
279,N5,E459 (WARREN POWER),1454.16,2.86
280,N5,E480 (WHEELER MCHY),727.08,1.43
281,N5,E490 (WYOMING MCHY),1454.16,2.86
282,N5,E500 (ZIEGLER),1454.16,2.86
283,N5,H070 (CASHMAN EQ),727.08,1.43
284,N5,H160 (EMPIRE MACHY),727.08,1.43
285,N5,H190 (HAWTHORNE MACHY),727.08,1.43
286,N5,H200 (HOLT OF CA),727.08,1.43
287,N5,H270 (JOHNSON MCHY),727.08,1.43
288,N5,H330 (N C MACHINERY),1454.16,2.86
289,N5,H360 (PETERSON MACH),1454.16,2.86
290,N5,H370 (PETERSON TR),1454.16,2.86
291,N5,H430 (QUINN COMPANY),727.08,1.43
292,N5,H510 (WESTERN ST. EQ.),1454.16,2.86
293,N5,N020 (TOROMONT CAT),4362.48,8.58
294,N5,N02P (BATTLEFIELD EQ),2908.32,5.72
295,N5,N030 (FINNING INT'L),2181.24,4.29
296,N5,N03C (RAYDON RENTALS),2181.24,4.29
297,N5,N050 (HEWITT EQ),2908.32,5.72
298,N5,N070 (KRAMER),2181.24,4.29
299,N5,N140 (ATLANTIC T AND E),3635.4,7.15
300,N5,N600 (PIPELINE MACH),2181.24,4.29
301,N5,P020 (TRACSA),727.08,1.43
302,N5,P230 (MADISA),1454.16,2.86
303,N5,P280 (MATCO),1454.16,2.86
304,N5,V208 (WAGNER ASIA),1454.16,2.86
305,N6,B010 (ALBAN TRACTOR),3635.4,7.15
306,N6,B030 (ALTORFER),2908.32,5.72
307,N6,B150 (CLEVELAND BROS),2908.32,5.72
308,N6,B160 (FABCO EQ),2908.32,5.72
309,N6,B170 (FOLEY INC.),3635.4,7.15
310,N6,B190 (GILES AND RANSOME),3635.4,7.15
311,N6,B270 (MACALLISTER),2908.32,5.72
312,N6,B290 (MICHIGAN CAT),2908.32,5.72
313,N6,B330 (OHIO MACHINERY),2908.32,5.72
314,N6,B350 (PATTEN IND),2908.32,5.72
315,N6,B370 (H.O. PENN MCHY),3635.4,7.15
316,N6,B420 (MILTON CAT),3635.4,7.15
317,N6,D070 (BLANCHARD MCHY),3635.4,7.15
318,N6,D090 (CAROLINA TR),3635.4,7.15
319,N6,D100 (CARTER MCHY),3635.4,7.15
320,N6,D120 (FABICK TR),2908.32,5.72
321,N6,D180 (GREGORY POOLE),3635.4,7.15
322,N6,D241 (LOUISIANA MCHY),2181.24,4.29
323,N6,D260 (KELLY TRACTOR),3635.4,7.15
324,N6,D310 (J.A. RIGGS),2908.32,5.72
325,N6,D350 (RING POWER),3635.4,7.15
326,N6,D390 (STOWERS MCHY),3635.4,7.15
327,N6,D420 (THOMPSON MACH),3635.4,7.15
328,N6,D430 (THOMPSON TR),2908.32,5.72
329,N6,D440 (PUCKETT MACHY),3635.4,7.15
330,N6,D470 (CI WALKER MCHY),2908.32,5.72
331,N6,D480 (WHAYNE SUPPLY),2908.32,5.72
332,N6,D500 (YANCEY BROS),3635.4,7.15
333,N6,D600 (PIPELINE MACH),2181.24,4.29
334,N6,E070 (BUTLER MCHY),2181.24,4.29
335,N6,E130 (FOLEY EQUIPMENT),2181.24,4.29
336,N6,E140 (HOLT TEXAS),2181.24,4.29
337,N6,E250 (WAGNER EQ),1454.16,2.86
338,N6,E300 (MUSTANG MACH),2181.24,4.29
339,N6,E30A (MUSTANG RENTAL),2181.24,4.29
340,N6,E330 (NEBRASKA MCHY),2181.24,4.29
341,N6,E459 (WARREN POWER),2181.24,4.29
342,N6,E480 (WHEELER MCHY),1454.16,2.86
343,N6,E490 (WYOMING MCHY),2181.24,4.29
344,N6,E500 (ZIEGLER),2181.24,4.29
345,N6,H070 (CASHMAN EQ),1454.16,2.86
346,N6,H160 (EMPIRE MACHY),1454.16,2.86
347,N6,H190 (HAWTHORNE MACHY),1454.16,2.86
348,N6,H200 (HOLT OF CA),1454.16,2.86
349,N6,H270 (JOHNSON MCHY),1454.16,2.86
350,N6,H330 (N C MACHINERY),727.08,1.43
351,N6,H360 (PETERSON MACH),727.08,1.43
352,N6,H370 (PETERSON TR),727.08,1.43
353,N6,H430 (QUINN COMPANY),1454.16,2.86
354,N6,H510 (WESTERN ST. EQ.),1454.16,2.86
355,N6,N020 (TOROMONT CAT),5089.56,10.01
356,N6,N02P (BATTLEFIELD EQ),3635.4,7.15
357,N6,N030 (FINNING INT'L),1454.16,2.86
358,N6,N03C (RAYDON RENTALS),1454.16,2.86
359,N6,N050 (HEWITT EQ),3635.4,7.15
360,N6,N070 (KRAMER),2181.24,4.29
361,N6,N140 (ATLANTIC T AND E),4362.48,8.58
362,N6,N600 (PIPELINE MACH),2181.24,4.29
363,N6,P020 (TRACSA),1454.16,2.86
364,N8,H140 (HAWTHORNE PACIF),727.08,1.43
365,N9,P020 (TRACSA),727.08,1.43
366,N9,P050 (IIASA PANAMA),1454.16,2.86
367,N9,P120 (COGESA),1454.16,2.86
368,N9,P210 (MATRA),1454.16,2.86
369,N9,P230 (MADISA),727.08,1.43
370,N9,P260 (MAQSA),727.08,1.43
371,N9,P280 (MATCO),1454.16,2.86
372,N9,P340 (CEMCOL),1454.16,2.86
373,N9,P370 (NIMAC),1454.16,2.86
374,N9,P380 (GENTRAC),1454.16,2.86
375,N10,P020 (TRACSA),1454.16,2.86
376,N10,P050 (IIASA PANAMA),727.08,1.43
377,N10,P120 (COGESA),727.08,1.43
378,N10,P210 (MATRA),727.08,1.43
379,N10,P230 (MADISA),1454.16,2.86
380,N10,P260 (MAQSA),1454.16,2.86
381,N10,P280 (MATCO),727.08,1.43
382,N10,P340 (CEMCOL),727.08,1.43
383,N10,P370 (NIMAC),727.08,1.43
384,N10,P380 (GENTRAC),727.08,1.43
385,S1,P160 (IMCA),727.08,1.43
386,S1,P310 (TRACMAC),727.08,1.43
387,S1,P420 (RIMCO),727.08,1.43
388,S1,R160 (MACORP GUYANA),1454.16,2.86
389,S1,R350 (CKC SURMAC),1454.16,2.86
390,S1,R400 (VENEQUIP),727.08,1.43
391,S1,R460 (GECOLSA),1454.16,2.86
392,S2,R160 (MACORP GUYANA),1454.16,2.86
393,S2,R350 (CKC SURMAC),1454.16,2.86
394,S2,R400 (VENEQUIP),2181.24,4.29
395,S2,U060 (SOTREQ),2181.24,4.29
396,S2,U170 (PARANA EQ),2181.24,4.29
397,S3,R050 (FINNING AR),2181.24,4.29
398,S3,R100 (FINNING URUGUAY),2181.24,4.29
399,S3,R180 (FINNING BOLIVIA),1454.16,2.86
400,S3,R200 (PETERSEN),727.08,1.43
401,S3,U060 (SOTREQ),727.08,1.43
402,S3,U170 (PARANA EQ),727.08,1.43
403,S4,R050 (FINNING AR),727.08,1.43
404,S4,R100 (FINNING URUGUAY),727.08,1.43
405,S4,R120 (FINNING CHILE),1454.16,2.86
406,S4,R180 (FINNING BOLIVIA),2181.24,4.29
407,S4,R200 (PETERSEN),727.08,1.43
408,S4,U060 (SOTREQ),2181.24,4.29
409,S4,U170 (PARANA EQ),2181.24,4.29
410,S5,R050 (FINNING AR),1454.16,2.86
411,S5,R100 (FINNING URUGUAY),1454.16,2.86
412,S5,R120 (FINNING CHILE),727.08,1.43
413,S6,R070 (FERREYROS ORVIS),1454.16,2.86
414,S6,R080 (FERREYROS),727.08,1.43
415,S6,R095 (FERREYROS UNIMA),727.08,1.43
416,S6,R180 (FINNING BOLIVIA),1454.16,2.86
417,S6,R440 (IIASA),727.08,1.43
418,S6,R460 (GECOLSA),1454.16,2.86
419,S7,P050 (IIASA PANAMA),727.08,1.43
420,S7,P120 (COGESA),1454.16,2.86
421,S7,P210 (MATRA),1454.16,2.86
422,S7,P340 (CEMCOL),1454.16,2.86
423,S7,P370 (NIMAC),1454.16,2.86
424,S7,P380 (GENTRAC),1454.16,2.86
425,S7,R070 (FERREYROS ORVIS),727.08,1.43
426,S7,R080 (FERREYROS),1454.16,2.86
427,S7,R095 (FERREYROS UNIMA),1454.16,2.86
428,S7,R400 (VENEQUIP),1454.16,2.86
429,S7,R440 (IIASA),1454.16,2.86
430,S7,R460 (GECOLSA),727.08,1.43
431,S8,R100 (FINNING URUGUAY),1454.16,2.86
432,S8,R120 (FINNING CHILE),2181.24,4.29
433,S8,R180 (FINNING BOLIVIA),2181.24,4.29
434,S8,R200 (PETERSEN),2181.24,4.29
435,S8,R350 (CKC SURMAC),2908.32,5.72
436,S8,R400 (VENEQUIP),3635.4,7.15
437,S8,R440 (IIASA),3635.4,7.15
438,S8,R460 (GECOLSA),3635.4,7.15
439,S8,U060 (SOTREQ),2181.24,4.29
440,S8,U170 (PARANA EQ),1454.16,2.86
441,E1,K310 (DELMAS),1454.16,2.86
442,E1,L010 (AVESCO),727.08,1.43
443,E1,L030 (BERGERAT-FR),727.08,1.43
444,E1,L040 (PON EQ A/S /DK),2181.24,4.29
445,E1,L080 (ZEPPELIN AT),727.08,1.43
446,E1,L100 (PON EQ AB/SE),2181.24,4.29
447,E1,L110 (PON EQ BV/NL),2181.24,4.29
448,E1,L240 (ZEPPELIN DE),727.08,1.43
449,E1,L24A (ZEPPELIN RENT),727.08,1.43
450,E1,L310 (PON EQ AS/NO),2181.24,4.29
451,E1,L390 (WITRAKTOR),1454.16,2.86
452,E1,L400 (BERGERAT-BE),727.08,1.43
453,E1,M030 (ELTRAK),1454.16,2.86
454,E1,M040 (CGT),1454.16,2.86
455,E1,M180 (FSA),1454.16,2.86
456,E1,M450 (BORUSAN MAKINA),1454.16,2.86
457,E1,M512 (CGT EDILIZIA),1454.16,2.86
458,E1,M530 (ELTRAK BG),1454.16,2.86
459,E1,V21A (OOO MANTRAC),1454.16,2.86
460,E1,V21D (OOO MANTRAC),2181.24,4.29
461,E1,V351 (ZEPPELIN  UA),1454.16,2.86
462,E1,X080 (HUNTRACO),1454.16,2.86
463,E1,X150 (TEKNOXGROUP),1454.16,2.86
464,E1,X171 (BERGERAT-RO),1454.16,2.86
465,E1,X190 (PHOENIX ZEPP.),1454.16,2.86
466,E1,X191 (PHOENIX ZEPP.),1454.16,2.86
467,E1,X260 (MAGELLAN),727.08,1.43
468,E1,X320 (WIHURI AS (EE)),1454.16,2.86
469,E1,X350 (WITRAKTOR (LV)),1454.16,2.86
470,E1,X355 (WITRAKTOR (LT)),1454.16,2.86
471,E1,X490 (BERGERAT POLAND),1454.16,2.86
472,E2,J122 (SIME DARBY CEL),2908.32,5.72
473,E2,K310 (DELMAS),727.08,1.43
474,E2,L010 (AVESCO),1454.16,2.86
475,E2,L030 (BERGERAT-FR),1454.16,2.86
476,E2,L040 (PON EQ A/S /DK),1454.16,2.86
477,E2,L080 (ZEPPELIN AT),1454.16,2.86
478,E2,L100 (PON EQ AB/SE),1454.16,2.86
479,E2,L110 (PON EQ BV/NL),1454.16,2.86
480,E2,L240 (ZEPPELIN DE),1454.16,2.86
481,E2,L24A (ZEPPELIN RENT),1454.16,2.86
482,E2,L310 (PON EQ AS/NO),1454.16,2.86
483,E2,L390 (WITRAKTOR),727.08,1.43
484,E2,L400 (BERGERAT-BE),1454.16,2.86
485,E2,M030 (ELTRAK),2181.24,4.29
486,E2,M040 (CGT),2181.24,4.29
487,E2,M180 (FSA),2181.24,4.29
488,E2,M450 (BORUSAN MAKINA),1454.16,2.86
489,E2,M512 (CGT EDILIZIA),2181.24,4.29
490,E2,M530 (ELTRAK BG),2181.24,4.29
491,E2,V21A (OOO MANTRAC),1454.16,2.86
492,E2,V21D (OOO MANTRAC),2181.24,4.29
493,E2,V262 (VOSTOCHNAYA TEC),2181.24,4.29
494,E2,V27E (ZEPPELIN RUSSIA),727.08,1.43
495,E2,V27F (ZEPPELIN RUSSIA),727.08,1.43
496,E2,V27U (ZEPPELIN RUSSIA),727.08,1.43
497,E2,V351 (ZEPPELIN  UA),727.08,1.43
498,E2,X080 (HUNTRACO),727.08,1.43
499,E2,X150 (TEKNOXGROUP),1454.16,2.86
500,E2,X171 (BERGERAT-RO),727.08,1.43
501,E2,X190 (PHOENIX ZEPP.),727.08,1.43
502,E2,X191 (PHOENIX ZEPP.),727.08,1.43
503,E2,X320 (WIHURI AS (EE)),727.08,1.43
504,E2,X350 (WITRAKTOR (LV)),727.08,1.43
505,E2,X355 (WITRAKTOR (LT)),727.08,1.43
506,E2,X490 (BERGERAT POLAND),727.08,1.43
507,E3,K310 (DELMAS),1454.16,2.86
508,E3,L010 (AVESCO),1454.16,2.86
509,E3,L030 (BERGERAT-FR),1454.16,2.86
510,E3,L040 (PON EQ A/S /DK),727.08,1.43
511,E3,L080 (ZEPPELIN AT),1454.16,2.86
512,E3,L100 (PON EQ AB/SE),727.08,1.43
513,E3,L110 (PON EQ BV/NL),727.08,1.43
514,E3,L240 (ZEPPELIN DE),1454.16,2.86
515,E3,L24A (ZEPPELIN RENT),1454.16,2.86
516,E3,L310 (PON EQ AS/NO),727.08,1.43
517,E3,L390 (WITRAKTOR),1454.16,2.86
518,E3,L400 (BERGERAT-BE),1454.16,2.86
519,E3,M030 (ELTRAK),2908.32,5.72
520,E3,M040 (CGT),2908.32,5.72
521,E3,M180 (FSA),2908.32,5.72
522,E3,M512 (CGT EDILIZIA),2908.32,5.72
523,E3,M530 (ELTRAK BG),2908.32,5.72
524,E3,V21A (OOO MANTRAC),2181.24,4.29
525,E3,V21D (OOO MANTRAC),2908.32,5.72
526,E3,X080 (HUNTRACO),1454.16,2.86
527,E3,X150 (TEKNOXGROUP),2181.24,4.29
528,E3,X171 (BERGERAT-RO),1454.16,2.86
529,E3,X190 (PHOENIX ZEPP.),1454.16,2.86
530,E3,X191 (PHOENIX ZEPP.),1454.16,2.86
531,E3,X320 (WIHURI AS (EE)),1454.16,2.86
532,E3,X350 (WITRAKTOR (LV)),1454.16,2.86
533,E3,X355 (WITRAKTOR (LT)),1454.16,2.86
534,E3,X490 (BERGERAT POLAND),1454.16,2.86
535,E4,K310 (DELMAS),1454.16,2.86
536,E4,M610 (FINNING (U.K.)),727.08,1.43
537,E4,V21A (OOO MANTRAC),2908.32,5.72
538,E4,V21D (OOO MANTRAC),2908.32,5.72
539,E5,K310 (DELMAS),1454.16,2.86
540,E5,L010 (AVESCO),1454.16,2.86
541,E5,L030 (BERGERAT-FR),1454.16,2.86
542,E5,L040 (PON EQ A/S /DK),2908.32,5.72
543,E5,L080 (ZEPPELIN AT),1454.16,2.86
544,E5,L100 (PON EQ AB/SE),2908.32,5.72
545,E5,L110 (PON EQ BV/NL),2908.32,5.72
546,E5,L240 (ZEPPELIN DE),1454.16,2.86
547,E5,L24A (ZEPPELIN RENT),1454.16,2.86
548,E5,L310 (PON EQ AS/NO),2908.32,5.72
549,E5,L390 (WITRAKTOR),2181.24,4.29
550,E5,L400 (BERGERAT-BE),1454.16,2.86
551,E5,M030 (ELTRAK),2181.24,4.29
552,E5,M040 (CGT),2181.24,4.29
553,E5,M180 (FSA),727.08,1.43
554,E5,M512 (CGT EDILIZIA),2181.24,4.29
555,E5,M530 (ELTRAK BG),2181.24,4.29
556,E5,X080 (HUNTRACO),2181.24,4.29
557,E5,X150 (TEKNOXGROUP),2908.32,5.72
558,E5,X171 (BERGERAT-RO),2181.24,4.29
559,E5,X190 (PHOENIX ZEPP.),2181.24,4.29
560,E5,X191 (PHOENIX ZEPP.),2181.24,4.29
561,E5,X260 (MAGELLAN),1454.16,2.86
562,E5,X320 (WIHURI AS (EE)),2181.24,4.29
563,E5,X350 (WITRAKTOR (LV)),2181.24,4.29
564,E5,X355 (WITRAKTOR (LT)),2181.24,4.29
565,E5,X490 (BERGERAT POLAND),2181.24,4.29
566,E6,K666 (UNATRAC HOLDING),1454.16,2.86
567,E6,L010 (AVESCO),1454.16,2.86
568,E6,L030 (BERGERAT-FR),1454.16,2.86
569,E6,L040 (PON EQ A/S /DK),2908.32,5.72
570,E6,L080 (ZEPPELIN AT),1454.16,2.86
571,E6,L100 (PON EQ AB/SE),2908.32,5.72
572,E6,L110 (PON EQ BV/NL),2908.32,5.72
573,E6,L240 (ZEPPELIN DE),1454.16,2.86
574,E6,L24A (ZEPPELIN RENT),1454.16,2.86
575,E6,L310 (PON EQ AS/NO),2908.32,5.72
576,E6,L390 (WITRAKTOR),2181.24,4.29
577,E6,L400 (BERGERAT-BE),1454.16,2.86
578,E6,M030 (ELTRAK),727.08,1.43
579,E6,M040 (CGT),727.08,1.43
580,E6,M080 (I.T.E.),727.08,1.43
581,E6,M180 (FSA),1454.16,2.86
582,E6,M400 (PARENIN),727.08,1.43
583,E6,M450 (BORUSAN MAKINA),1454.16,2.86
584,E6,M512 (CGT EDILIZIA),727.08,1.43
585,E6,M530 (ELTRAK BG),727.08,1.43
586,E6,M620 (MANTRAC EGYPT),1454.16,2.86
587,E6,Q160 (JALLAD LEBANON),727.08,1.43
588,E6,X080 (HUNTRACO),2181.24,4.29
589,E6,X150 (TEKNOXGROUP),2908.32,5.72
590,E6,X171 (BERGERAT-RO),2181.24,4.29
591,E6,X190 (PHOENIX ZEPP.),2181.24,4.29
592,E6,X191 (PHOENIX ZEPP.),2181.24,4.29
593,E6,X320 (WIHURI AS (EE)),2181.24,4.29
594,E6,X350 (WITRAKTOR (LV)),2181.24,4.29
595,E6,X355 (WITRAKTOR (LT)),2181.24,4.29
596,E6,X490 (BERGERAT POLAND),2181.24,4.29
597,E6,X540 (MTI),1454.16,2.86
598,E7,L010 (AVESCO),1454.16,2.86
599,E7,L030 (BERGERAT-FR),1454.16,2.86
600,E7,L040 (PON EQ A/S /DK),2181.24,4.29
601,E7,L080 (ZEPPELIN AT),1454.16,2.86
602,E7,L100 (PON EQ AB/SE),2181.24,4.29
603,E7,L110 (PON EQ BV/NL),2181.24,4.29
604,E7,L240 (ZEPPELIN DE),1454.16,2.86
605,E7,L24A (ZEPPELIN RENT),1454.16,2.86
606,E7,L310 (PON EQ AS/NO),2181.24,4.29
607,E7,L390 (WITRAKTOR),1454.16,2.86
608,E7,L400 (BERGERAT-BE),1454.16,2.86
609,E7,M030 (ELTRAK),2181.24,4.29
610,E7,M040 (CGT),2181.24,4.29
611,E7,M080 (I.T.E.),1454.16,2.86
612,E7,M180 (FSA),2181.24,4.29
613,E7,M450 (BORUSAN MAKINA),727.08,1.43
614,E7,M512 (CGT EDILIZIA),2181.24,4.29
615,E7,M530 (ELTRAK BG),2181.24,4.29
616,E7,Q160 (JALLAD LEBANON),1454.16,2.86
617,E7,V255 (ZEPPELIN AM),2181.24,4.29
618,E7,V351 (ZEPPELIN  UA),1454.16,2.86
619,E7,V362 (MIT AZERBAIJAN),2181.24,4.29
620,E7,V363 (MIT KAZAKHSTAN),2181.24,4.29
621,E7,X080 (HUNTRACO),1454.16,2.86
622,E7,X150 (TEKNOXGROUP),727.08,1.43
623,E7,X171 (BERGERAT-RO),1454.16,2.86
624,E7,X190 (PHOENIX ZEPP.),1454.16,2.86
625,E7,X191 (PHOENIX ZEPP.),1454.16,2.86
626,E7,X320 (WIHURI AS (EE)),1454.16,2.86
627,E7,X350 (WITRAKTOR (LV)),1454.16,2.86
628,E7,X355 (WITRAKTOR (LT)),1454.16,2.86
629,E7,X490 (BERGERAT POLAND),1454.16,2.86
630,E10,K310 (DELMAS),3635.4,7.15
631,E10,K610 (TRACTAFRIC/CM),2908.32,5.72
632,E10,K620 (TRACTAFRIC/CG),2908.32,5.72
633,E10,K625 (TRACTAFRIC/MA),2908.32,5.72
634,E10,K630 (TRACTAFRIC/GA),2908.32,5.72
635,E10,K645 (BARTRAC EQUIP),2908.32,5.72
636,E10,K666 (UNATRAC HOLDING),2908.32,5.72
637,E10,K671 (IRATRAC),3635.4,7.15
638,E10,L010 (AVESCO),2181.24,4.29
639,E10,L030 (BERGERAT-FR),2908.32,5.72
640,E10,L040 (PON EQ A/S /DK),2908.32,5.72
641,E10,L080 (ZEPPELIN AT),2181.24,4.29
642,E10,L100 (PON EQ AB/SE),2908.32,5.72
643,E10,L110 (PON EQ BV/NL),2908.32,5.72
644,E10,L240 (ZEPPELIN DE),2181.24,4.29
645,E10,L24A (ZEPPELIN RENT),2181.24,4.29
646,E10,L310 (PON EQ AS/NO),2908.32,5.72
647,E10,L390 (WITRAKTOR),2181.24,4.29
648,E10,L400 (BERGERAT-BE),1454.16,2.86
649,E10,M030 (ELTRAK),2181.24,4.29
650,E10,M040 (CGT),2181.24,4.29
651,E10,M080 (I.T.E.),1454.16,2.86
652,E10,M180 (FSA),2181.24,4.29
653,E10,M400 (PARENIN),727.08,1.43
654,E10,M450 (BORUSAN MAKINA),1454.16,2.86
655,E10,M512 (CGT EDILIZIA),2908.32,5.72
656,E10,M530 (ELTRAK BG),2908.32,5.72
657,E10,Q160 (JALLAD LEBANON),2181.24,4.29
658,E10,V255 (ZEPPELIN AM),2908.32,5.72
659,E10,V351 (ZEPPELIN  UA),2181.24,4.29
660,E10,V362 (MIT AZERBAIJAN),2908.32,5.72
661,E10,V363 (MIT KAZAKHSTAN),2908.32,5.72
662,E10,X080 (HUNTRACO),2181.24,4.29
663,E10,X150 (TEKNOXGROUP),1454.16,2.86
664,E10,X171 (BERGERAT-RO),2181.24,4.29
665,E10,X190 (PHOENIX ZEPP.),2181.24,4.29
666,E10,X191 (PHOENIX ZEPP.),2181.24,4.29
667,E10,X320 (WIHURI AS (EE)),2181.24,4.29
668,E10,X350 (WITRAKTOR (LV)),2181.24,4.29
669,E10,X355 (WITRAKTOR (LT)),2181.24,4.29
670,E10,X490 (BERGERAT POLAND),2181.24,4.29
671,M1,K491 (EZENTUS FZE),1454.16,2.86
672,M1,K666 (UNATRAC HOLDING),727.08,1.43
673,M1,M080 (I.T.E.),1454.16,2.86
674,M1,M400 (PARENIN),1454.16,2.86
675,M1,M450 (BORUSAN MAKINA),1454.16,2.86
676,M1,M620 (MANTRAC EGYPT),727.08,1.43
677,M1,Q160 (JALLAD LEBANON),1454.16,2.86
678,M1,Q630 (ZAHID),1454.16,2.86
679,M1,X540 (MTI),727.08,1.43
680,M2,K491 (EZENTUS FZE),727.08,1.43
681,M2,K666 (UNATRAC HOLDING),1454.16,2.86
682,M2,M620 (MANTRAC EGYPT),1454.16,2.86
683,M2,Q300 (BAHAR (KUWAIT)),727.08,1.43
684,M2,Q301 (BAHAR SHARJAH),727.08,1.43
685,M2,Q302 (BAHAR ABU DHABI),727.08,1.43
686,M2,Q303 (BAHAR QATAR),727.08,1.43
687,M2,Q305 (OASIS TRADING),727.08,1.43
688,M2,Q630 (ZAHID),727.08,1.43
689,M2,V362 (MIT AZERBAIJAN),2181.24,4.29
690,M2,X540 (MTI),1454.16,2.86
691,M3,K210 (NEFC FZE),1454.16,2.86
692,M3,K491 (EZENTUS FZE),1454.16,2.86
693,M3,K671 (IRATRAC),1454.16,2.86
694,M3,Q630 (ZAHID),1454.16,2.86
695,M3,V21A (OOO MANTRAC),2908.32,5.72
696,M3,V21D (OOO MANTRAC),2908.32,5.72
697,M3,V255 (ZEPPELIN AM),2181.24,4.29
698,M3,V27E (ZEPPELIN RUSSIA),2908.32,5.72
699,M3,V27F (ZEPPELIN RUSSIA),2908.32,5.72
700,M3,V27U (ZEPPELIN RUSSIA),2908.32,5.72
701,M3,V362 (MIT AZERBAIJAN),2181.24,4.29
702,M3,V363 (MIT KAZAKHSTAN),2181.24,4.29
703,M4,K610 (TRACTAFRIC/CM),2181.24,4.29
704,M4,K620 (TRACTAFRIC/CG),2181.24,4.29
705,M4,K630 (TRACTAFRIC/GA),2181.24,4.29
706,M4,K645 (BARTRAC EQUIP),1454.16,2.86
707,M5,K02A (BARLOWORLD AO),1454.16,2.86
708,M5,K030 (BARLOWORLD ZA),1454.16,2.86
709,M6,K02A (BARLOWORLD AO),1454.16,2.86
710,M6,K030 (BARLOWORLD ZA),1454.16,2.86
711,M7,K610 (TRACTAFRIC/CM),727.08,1.43
712,M7,K620 (TRACTAFRIC/CG),727.08,1.43
713,M7,K630 (TRACTAFRIC/GA),727.08,1.43
714,M7,K645 (BARTRAC EQUIP),1454.16,2.86
715,M8,K30F (MAURITRAC SARL),1454.16,2.86
716,M8,K625 (TRACTAFRIC/MA),2181.24,4.29
717,M9,K30F (MAURITRAC SARL),727.08,1.43
718,M9,K625 (TRACTAFRIC/MA),1454.16,2.86
719,M10,K30F (MAURITRAC SARL),1454.16,2.86
720,M10,K625 (TRACTAFRIC/MA),727.08,1.43
721,M10,M400 (PARENIN),1454.16,2.86
722,M10,M620 (MANTRAC EGYPT),2181.24,4.29
723,M11,K610 (TRACTAFRIC/CM),727.08,1.43
724,M11,K620 (TRACTAFRIC/CG),727.08,1.43
725,M11,K630 (TRACTAFRIC/GA),1454.16,2.86
726,M11,K645 (BARTRAC EQUIP),2181.24,4.29
727,M12,K30F (MAURITRAC SARL),2181.24,4.29
728,M12,K625 (TRACTAFRIC/MA),2908.32,5.72
729,M13,K02A (BARLOWORLD AO),2181.24,4.29
730,M13,K030 (BARLOWORLD ZA),2181.24,4.29
731,M13,K310 (DELMAS),2181.24,4.29
732,K1,J09T (GMMCO WEST),1454.16,2.86
733,K1,J122 (SIME DARBY CEL),2181.24,4.29
734,K1,J25D (TIPL NORTH),1454.16,2.86
735,K1,K210 (NEFC FZE),727.08,1.43
736,K1,K671 (IRATRAC),1454.16,2.86
737,K1,V362 (MIT AZERBAIJAN),1454.16,2.86
738,K1,V363 (MIT KAZAKHSTAN),2181.24,4.29
739,K2,K600 (TRACTAFRIC),727.08,1.43
740,K3,J122 (SIME DARBY CEL),2908.32,5.72
741,K3,J25D (TIPL NORTH),2181.24,4.29
742,K3,K210 (NEFC FZE),727.08,1.43
743,K3,K625 (TRACTAFRIC/MA),2181.24,4.29
744,K3,K671 (IRATRAC),2181.24,4.29
745,K3,V362 (MIT AZERBAIJAN),2181.24,4.29
746,K3,V363 (MIT KAZAKHSTAN),2908.32,5.72
747,K4,J09T (GMMCO WEST),2908.32,5.72
748,K5,J122 (SIME DARBY CEL),2908.32,5.72
749,K5,J25D (TIPL NORTH),2181.24,4.29
750,K5,K210 (NEFC FZE),727.08,1.43
751,K5,K625 (TRACTAFRIC/MA),2181.24,4.29
752,K5,K671 (IRATRAC),2181.24,4.29
753,K5,V362 (MIT AZERBAIJAN),1454.16,2.86
754,K5,V363 (MIT KAZAKHSTAN),2181.24,4.29
755,A1,W220 (SHIKOKUKIKI),1454.16,2.86
756,A1,W230 (SHIKOKU CONST),1454.16,2.86
757,A1,W310 (CAT KYUSHU),1454.16,2.86
758,A1,W611 (CAT EAST JAPAN),727.08,1.43
759,A1,W670 (CAT TOHOKU),727.08,1.43
760,A1,W720 (CAT WEST JAPAN),1454.16,2.86
761,A1,V237 (TIGER MACHINERY),727.08,1.43
762,A2,J080 (HAE IN CORP.),727.08,1.43
763,A2,W220 (SHIKOKUKIKI),727.08,1.43
764,A2,W230 (SHIKOKU CONST),727.08,1.43
765,A2,W310 (CAT KYUSHU),727.08,1.43
766,A2,W611 (CAT EAST JAPAN),1454.16,2.86
767,A2,W670 (CAT TOHOKU),1454.16,2.86
768,A2,W720 (CAT WEST JAPAN),727.08,1.43
769,A2,V237 (TIGER MACHINERY),1454.16,2.86
770,A3,J010 (CEL HK),1454.16,2.86
771,A3,J016 (CEL NANNING),1454.16,2.86
772,A3,J018 (CEL HAINAN),1454.16,2.86
773,A3,J021 (CEL SHUNDE),1454.16,2.86
774,A3,J022 (CEL XIAMEN),727.08,1.43
775,A3,J080 (HAE IN CORP.),1454.16,2.86
776,A3,J0AA (CEL JIANGXI),727.08,1.43
777,A3,J121 (SIME DARBY CEL),1454.16,2.86
778,A3,J251 (TIPL NC),2181.24,4.29
779,A3,J440 (LEI SHING HONG),1454.16,2.86
780,A3,J490 (ECI-METRO),727.08,1.43
781,A3,J540 (WESTRAC CHINA),1454.16,2.86
782,A3,J560 (CAPITAL MACHINE),727.08,1.43
783,A3,V234 (TIGER MACHINERY),1454.16,2.86
784,A3,V266 (VOSTOCHNAYA TEC),2908.32,5.72
785,A4,J010 (CEL HK),727.08,1.43
786,A4,J016 (CEL NANNING),727.08,1.43
787,A4,J018 (CEL HAINAN),727.08,1.43
788,A4,J021 (CEL SHUNDE),727.08,1.43
789,A4,J022 (CEL XIAMEN),1454.16,2.86
790,A4,J039 (METRO (KH)),1454.16,2.86
791,A4,J040 (METRO MACHINERY),1454.16,2.86
792,A4,J050 (LAO-METRO),1454.16,2.86
793,A4,J121 (SIME DARBY CEL),1454.16,2.86
794,A4,J251 (TIPL NC),1454.16,2.86
795,A4,J440 (LEI SHING HONG),727.08,1.43
796,A4,J490 (ECI-METRO),1454.16,2.86
797,A4,J520 (MSP TRACTORS),1454.16,2.86
798,A4,J570 (PHU THAI),727.08,1.43
799,A4,V266 (VOSTOCHNAYA TEC),2908.32,5.72
800,A5,J039 (METRO (KH)),1454.16,2.86
801,A5,J040 (METRO MACHINERY),1454.16,2.86
802,A5,J050 (LAO-METRO),1454.16,2.86
803,A5,J210 (P.T.T.U.),727.08,1.43
804,A5,J280 (SIME DARBY IND),727.08,1.43
805,A5,J320 (TR SINGAPORE),727.08,1.43
806,A5,J520 (MSP TRACTORS),1454.16,2.86
807,A5,J570 (PHU THAI),1454.16,2.86
808,A6,J065 (BANGLA TRAC),1454.16,2.86
809,A6,J090 (GMMCO SOUTH),727.08,1.43
810,A6,J093 (GMMCO EAST),727.08,1.43
811,A6,J09R (GMMCO NORTH),1454.16,2.86
812,A6,J09T (GMMCO WEST),1454.16,2.86
813,A6,J250 (TIPL EAST),1454.16,2.86
814,A6,J251 (TIPL NC),2181.24,4.29
815,A6,J25C (TIPL SE),1454.16,2.86
816,A6,J25D (TIPL NORTH),1454.16,2.86
817,A6,J300 (UTE),727.08,1.43
818,A7,J065 (BANGLA TRAC),1454.16,2.86
819,A7,J090 (GMMCO SOUTH),1454.16,2.86
820,A7,J093 (GMMCO EAST),1454.16,2.86
821,A7,J09R (GMMCO NORTH),1454.16,2.86
822,A7,J09T (GMMCO WEST),727.08,1.43
823,A7,J250 (TIPL EAST),1454.16,2.86
824,A7,J251 (TIPL NC),2908.32,5.72
825,A7,J25C (TIPL SE),1454.16,2.86
826,A7,J25D (TIPL NORTH),727.08,1.43
827,A8,J010 (CEL HK),1454.16,2.86
828,A8,J016 (CEL NANNING),1454.16,2.86
829,A8,J018 (CEL HAINAN),1454.16,2.86
830,A8,J021 (CEL SHUNDE),1454.16,2.86
831,A8,J022 (CEL XIAMEN),2181.24,4.29
832,A8,J039 (METRO (KH)),2181.24,4.29
833,A8,J040 (METRO MACHINERY),2181.24,4.29
834,A8,J050 (LAO-METRO),2181.24,4.29
835,A8,J121 (SIME DARBY CEL),2181.24,4.29
836,A8,J251 (TIPL NC),2181.24,4.29
837,A8,J440 (LEI SHING HONG),1454.16,2.86
838,A8,J490 (ECI-METRO),2181.24,4.29
839,A8,J520 (MSP TRACTORS),2181.24,4.29
840,A8,J570 (PHU THAI),1454.16,2.86
841,A9,J010 (CEL HK),1454.16,2.86
842,A9,J016 (CEL NANNING),1454.16,2.86
843,A9,J018 (CEL HAINAN),1454.16,2.86
844,A9,J021 (CEL SHUNDE),1454.16,2.86
845,A9,J022 (CEL XIAMEN),2181.24,4.29
846,A9,J039 (METRO (KH)),2181.24,4.29
847,A9,J040 (METRO MACHINERY),2181.24,4.29
848,A9,J050 (LAO-METRO),2181.24,4.29
849,A9,J121 (SIME DARBY CEL),2181.24,4.29
850,A9,J251 (TIPL NC),2181.24,4.29
851,A9,J440 (LEI SHING HONG),1454.16,2.86
852,A9,J490 (ECI-METRO),2181.24,4.29
853,A9,J520 (MSP TRACTORS),2181.24,4.29
854,A9,J570 (PHU THAI),1454.16,2.86
855,A12,W220 (SHIKOKUKIKI),2181.24,4.29
856,A12,W230 (SHIKOKU CONST),2181.24,4.29
857,A12,W310 (CAT KYUSHU),2181.24,4.29
858,A12,W611 (CAT EAST JAPAN),1454.16,2.86
859,A12,W670 (CAT TOHOKU),1454.16,2.86
860,A12,W720 (CAT WEST JAPAN),2181.24,4.29
861,A14,J370 (MONARK),727.08,1.43
862,Z1,T030 (HASTINGS (AU)),727.08,1.43
863,Z1,T040 (HASTINGS (PNG)),2181.24,4.29
864,Z1,T120 (WESTRAC NSW),1454.16,2.86
865,Z2,T010 (WM ADAMS),1454.16,2.86
866,Z2,T030 (HASTINGS (AU)),1454.16,2.86
867,Z2,T120 (WESTRAC NSW),727.08,1.43
868,Z3,T010 (WM ADAMS),727.08,1.43
869,Z3,T070 (CAVILL POWER),1454.16,2.86
870,Z3,T120 (WESTRAC NSW),1454.16,2.86
871,Z4,T210 (GOUGH AND HAMER),727.08,1.43
872,Z5,T010 (WM ADAMS),2181.24,4.29
873,Z5,T070 (CAVILL POWER),1454.16,2.86
874,Z5,T080 (WESTRAC),727.08,1.43
875,Z7,T010 (WM ADAMS),3635.4,7.15
876,Z7,T070 (CAVILL POWER),2181.24,4.29
877,Z7,T080 (WESTRAC),1454.16,2.86
878,source-1,B010 (ALBAN TRACTOR),3635.4,7.15
879,source-1,B190 (GILES AND RANSOME),3635.4,7.15
880,source-1,B030 (ALTORFER),2908.32,5.72
881,source-1,B150 (CLEVELAND BROS),2908.32,5.72
882,source-1,B160 (FABCO EQ),2908.32,5.72
883,source-1,B170 (FOLEY INC.),3635.4,7.15
884,source-1,B270 (MACALLISTER),2908.32,5.72
885,source-1,B290 (MICHIGAN CAT),2908.32,5.72
886,source-1,B330 (OHIO MACHINERY),2908.32,5.72
887,source-1,B350 (PATTEN IND),2908.32,5.72
888,source-1,B370 (H.O. PENN MCHY),3635.4,7.15
889,source-1,B420 (MILTON CAT),3635.4,7.15
890,source-1,D070 (BLANCHARD MCHY),3635.4,7.15
891,source-1,D090 (CAROLINA TR),3635.4,7.15
892,source-1,D100 (CARTER MCHY),3635.4,7.15
893,source-1,D120 (FABICK TR),2908.32,5.72
894,source-1,D180 (GREGORY POOLE),3635.4,7.15
895,source-1,D241 (LOUISIANA MCHY),2181.24,4.29
896,source-1,D260 (KELLY TRACTOR),3635.4,7.15
897,source-1,D310 (J.A. RIGGS),2908.32,5.72
898,source-1,D350 (RING POWER),3635.4,7.15
899,source-1,D390 (STOWERS MCHY),3635.4,7.15
900,source-1,D420 (THOMPSON MACH),3635.4,7.15
901,source-1,D430 (THOMPSON TR),2908.32,5.72
902,source-1,D440 (PUCKETT MACHY),3635.4,7.15
903,source-1,D470 (CI WALKER MCHY),2908.32,5.72
904,source-1,D480 (WHAYNE SUPPLY),2908.32,5.72
905,source-1,D500 (YANCEY BROS),3635.4,7.15
906,source-1,D600 (PIPELINE MACH),2181.24,4.29
907,source-1,E070 (BUTLER MCHY),2181.24,4.29
908,source-1,E130 (FOLEY EQUIPMENT),2181.24,4.29
909,source-1,E140 (HOLT TEXAS),2181.24,4.29
910,source-1,E250 (WAGNER EQ),1454.16,2.86
911,source-1,E300 (MUSTANG MACH),2181.24,4.29
912,source-1,E30A (MUSTANG RENTAL),2181.24,4.29
913,source-1,E330 (NEBRASKA MCHY),2181.24,4.29
914,source-1,E459 (WARREN POWER),2181.24,4.29
915,source-1,E480 (WHEELER MCHY),1454.16,2.86
916,source-1,E490 (WYOMING MCHY),2181.24,4.29
917,source-1,E500 (ZIEGLER),2181.24,4.29
918,source-1,H070 (CASHMAN EQ),1454.16,2.86
919,source-1,H160 (EMPIRE MACHY),1454.16,2.86
920,source-1,H190 (HAWTHORNE MACHY),1454.16,2.86
921,source-1,H200 (HOLT OF CA),1454.16,2.86
922,source-1,H270 (JOHNSON MCHY),1454.16,2.86
923,source-1,H330 (N C MACHINERY),727.08,1.43
924,source-1,H360 (PETERSON MACH),727.08,1.43
925,source-1,H370 (PETERSON TR),727.08,1.43
926,source-1,H430 (QUINN COMPANY),1454.16,2.86
927,source-1,H510 (WESTERN ST. EQ.),1454.16,2.86
928,source-1,N020 (TOROMONT CAT),5089.56,10.01
929,source-1,N02P (BATTLEFIELD EQ),3635.4,7.15
930,source-1,N030 (FINNING INT'L),1454.16,2.86
931,source-1,N03C (RAYDON RENTALS),1454.16,2.86
932,source-1,N050 (HEWITT EQ),3635.4,7.15
933,source-1,N070 (KRAMER),1454.16,2.86
934,source-1,N140 (ATLANTIC T AND E),4362.48,8.58
935,source-1,N600 (PIPELINE MACH),2181.24,4.29
936,source-1,P020 (TRACSA),2908.32,5.72
937,source-1,P280 (MATCO),2181.24,4.29
938,source-1,N1,3635.4,7.15
939,source-1,N2,3635.4,7.15
940,source-1,N3,2908.32,5.72
941,source-1,N4,2181.24,4.29
942,source-1,N5,1454.16,2.86
943,source-1,N6,727.08,1.43
944,source-1,source-1,727.08,1.43
945,source-1,source-2,1454.16,2.86
946,source-1,source-3,2181.24,4.29
947,source-1,source-4,2181.24,4.29
948,source-1,source-5,3635.4,7.15
949,source-1,source-6,2908.32,5.72
950,source-1,source-7,2908.32,5.72
951,source-1,source-8,2908.32,5.72
952,source-1,source-10,3635.4,7.15
953,source-1,source-11,3635.4,7.15
954,source-2,B010 (ALBAN TRACTOR),2908.32,5.72
955,source-2,B190 (GILES AND RANSOME),2908.32,5.72
956,source-2,B030 (ALTORFER),2181.24,4.29
957,source-2,B150 (CLEVELAND BROS),2181.24,4.29
958,source-2,B160 (FABCO EQ),2181.24,4.29
959,source-2,B170 (FOLEY INC.),2908.32,5.72
960,source-2,B270 (MACALLISTER),2181.24,4.29
961,source-2,B290 (MICHIGAN CAT),2181.24,4.29
962,source-2,B330 (OHIO MACHINERY),2181.24,4.29
963,source-2,B350 (PATTEN IND),2181.24,4.29
964,source-2,B370 (H.O. PENN MCHY),2908.32,5.72
965,source-2,B420 (MILTON CAT),2908.32,5.72
966,source-2,D070 (BLANCHARD MCHY),2908.32,5.72
967,source-2,D090 (CAROLINA TR),2908.32,5.72
968,source-2,D100 (CARTER MCHY),2908.32,5.72
969,source-2,D120 (FABICK TR),2181.24,4.29
970,source-2,D180 (GREGORY POOLE),2908.32,5.72
971,source-2,D241 (LOUISIANA MCHY),1454.16,2.86
972,source-2,D260 (KELLY TRACTOR),2908.32,5.72
973,source-2,D310 (J.A. RIGGS),2181.24,4.29
974,source-2,D350 (RING POWER),2908.32,5.72
975,source-2,D390 (STOWERS MCHY),2908.32,5.72
976,source-2,D420 (THOMPSON MACH),2908.32,5.72
977,source-2,D430 (THOMPSON TR),2181.24,4.29
978,source-2,D440 (PUCKETT MACHY),2908.32,5.72
979,source-2,D470 (CI WALKER MCHY),2181.24,4.29
980,source-2,D480 (WHAYNE SUPPLY),2181.24,4.29
981,source-2,D500 (YANCEY BROS),2908.32,5.72
982,source-2,D600 (PIPELINE MACH),2181.24,4.29
983,source-2,E070 (BUTLER MCHY),2181.24,4.29
984,source-2,E130 (FOLEY EQUIPMENT),1454.16,2.86
985,source-2,E140 (HOLT TEXAS),1454.16,2.86
986,source-2,E250 (WAGNER EQ),727.08,1.43
987,source-2,E300 (MUSTANG MACH),1454.16,2.86
988,source-2,E30A (MUSTANG RENTAL),1454.16,2.86
989,source-2,E330 (NEBRASKA MCHY),2181.24,4.29
990,source-2,E459 (WARREN POWER),1454.16,2.86
991,source-2,E480 (WHEELER MCHY),727.08,1.43
992,source-2,E490 (WYOMING MCHY),1454.16,2.86
993,source-2,E500 (ZIEGLER),1454.16,2.86
994,source-2,H070 (CASHMAN EQ),727.08,1.43
995,source-2,H160 (EMPIRE MACHY),727.08,1.43
996,source-2,H190 (HAWTHORNE MACHY),727.08,1.43
997,source-2,H200 (HOLT OF CA),727.08,1.43
998,source-2,H270 (JOHNSON MCHY),727.08,1.43
999,source-2,H330 (N C MACHINERY),1454.16,2.86
1000,source-2,H360 (PETERSON MACH),1454.16,2.86
1001,source-2,H370 (PETERSON TR),1454.16,2.86
1002,source-2,H430 (QUINN COMPANY),727.08,1.43
1003,source-2,H510 (WESTERN ST. EQ.),1454.16,2.86
1004,source-2,N020 (TOROMONT CAT),4362.48,8.58
1005,source-2,N02P (BATTLEFIELD EQ),2908.32,5.72
1006,source-2,N030 (FINNING INT'L),2181.24,4.29
1007,source-2,N03C (RAYDON RENTALS),2181.24,4.29
1008,source-2,N050 (HEWITT EQ),2908.32,5.72
1009,source-2,N070 (KRAMER),1454.16,2.86
1010,source-2,N140 (ATLANTIC T AND E),3635.4,7.15
1011,source-2,N600 (PIPELINE MACH),2181.24,4.29
1012,source-2,P020 (TRACSA),2181.24,4.29
1013,source-2,P230 (MADISA),1454.16,2.86
1014,source-2,P280 (MATCO),1454.16,2.86
1015,source-2,V208 (WAGNER ASIA),1454.16,2.86
1016,source-2,N1,2908.32,5.72
1017,source-2,N2,2908.32,5.72
1018,source-2,N3,2181.24,4.29
1019,source-2,N4,1454.16,2.86
1020,source-2,N5,727.08,1.43
1021,source-2,N6,1454.16,2.86
1022,source-2,source-1,1454.16,2.86
1023,source-2,source-2,727.08,1.43
1024,source-2,source-3,1454.16,2.86
1025,source-2,source-4,1454.16,2.86
1026,source-2,source-5,2908.32,5.72
1027,source-2,source-6,2181.24,4.29
1028,source-2,source-7,2181.24,4.29
1029,source-2,source-8,2181.24,4.29
1030,source-2,source-10,2908.32,5.72
1031,source-2,source-11,2908.32,5.72
1032,source-3,B010 (ALBAN TRACTOR),2181.24,4.29
1033,source-3,B190 (GILES AND RANSOME),2181.24,4.29
1034,source-3,B030 (ALTORFER),1454.16,2.86
1035,source-3,B150 (CLEVELAND BROS),1454.16,2.86
1036,source-3,B160 (FABCO EQ),1454.16,2.86
1037,source-3,B170 (FOLEY INC.),2181.24,4.29
1038,source-3,B270 (MACALLISTER),1454.16,2.86
1039,source-3,B290 (MICHIGAN CAT),1454.16,2.86
1040,source-3,B330 (OHIO MACHINERY),1454.16,2.86
1041,source-3,B350 (PATTEN IND),1454.16,2.86
1042,source-3,B370 (H.O. PENN MCHY),2181.24,4.29
1043,source-3,B420 (MILTON CAT),2181.24,4.29
1044,source-3,D070 (BLANCHARD MCHY),2181.24,4.29
1045,source-3,D090 (CAROLINA TR),2181.24,4.29
1046,source-3,D100 (CARTER MCHY),2181.24,4.29
1047,source-3,D120 (FABICK TR),1454.16,2.86
1048,source-3,D180 (GREGORY POOLE),2181.24,4.29
1049,source-3,D241 (LOUISIANA MCHY),1454.16,2.86
1050,source-3,D260 (KELLY TRACTOR),2181.24,4.29
1051,source-3,D310 (J.A. RIGGS),1454.16,2.86
1052,source-3,D350 (RING POWER),2181.24,4.29
1053,source-3,D390 (STOWERS MCHY),2181.24,4.29
1054,source-3,D420 (THOMPSON MACH),2181.24,4.29
1055,source-3,D430 (THOMPSON TR),1454.16,2.86
1056,source-3,D440 (PUCKETT MACHY),2181.24,4.29
1057,source-3,D470 (CI WALKER MCHY),1454.16,2.86
1058,source-3,D480 (WHAYNE SUPPLY),1454.16,2.86
1059,source-3,D500 (YANCEY BROS),2181.24,4.29
1060,source-3,D600 (PIPELINE MACH),1454.16,2.86
1061,source-3,E070 (BUTLER MCHY),727.08,1.43
1062,source-3,E130 (FOLEY EQUIPMENT),727.08,1.43
1063,source-3,E140 (HOLT TEXAS),1454.16,2.86
1064,source-3,E250 (WAGNER EQ),1454.16,2.86
1065,source-3,E300 (MUSTANG MACH),1454.16,2.86
1066,source-3,E30A (MUSTANG RENTAL),1454.16,2.86
1067,source-3,E330 (NEBRASKA MCHY),727.08,1.43
1068,source-3,E459 (WARREN POWER),1454.16,2.86
1069,source-3,E480 (WHEELER MCHY),1454.16,2.86
1070,source-3,E490 (WYOMING MCHY),727.08,1.43
1071,source-3,E500 (ZIEGLER),1454.16,2.86
1072,source-3,H070 (CASHMAN EQ),1454.16,2.86
1073,source-3,H160 (EMPIRE MACHY),1454.16,2.86
1074,source-3,H190 (HAWTHORNE MACHY),1454.16,2.86
1075,source-3,H200 (HOLT OF CA),1454.16,2.86
1076,source-3,H270 (JOHNSON MCHY),1454.16,2.86
1077,source-3,H330 (N C MACHINERY),2181.24,4.29
1078,source-3,H360 (PETERSON MACH),2181.24,4.29
1079,source-3,H370 (PETERSON TR),2181.24,4.29
1080,source-3,H430 (QUINN COMPANY),1454.16,2.86
1081,source-3,H510 (WESTERN ST. EQ.),727.08,1.43
1082,source-3,N020 (TOROMONT CAT),3635.4,7.15
1083,source-3,N02P (BATTLEFIELD EQ),2181.24,4.29
1084,source-3,N030 (FINNING INT'L),2908.32,5.72
1085,source-3,N03C (RAYDON RENTALS),2908.32,5.72
1086,source-3,N050 (HEWITT EQ),1454.16,2.86
1087,source-3,N070 (KRAMER),1454.16,2.86
1088,source-3,N140 (ATLANTIC T AND E),2908.32,5.72
1089,source-3,N600 (PIPELINE MACH),1454.16,2.86
1090,source-3,P020 (TRACSA),2181.24,4.29
1091,source-3,P230 (MADISA),1454.16,2.86
1092,source-3,P260 (MAQSA),1454.16,2.86
1093,source-3,P280 (MATCO),2181.24,4.29
1094,source-3,R150 (PANAMERICAN),2181.24,4.29
1095,source-3,N1,2181.24,4.29
1096,source-3,N2,2181.24,4.29
1097,source-3,N3,2181.24,4.29
1098,source-3,N4,1454.16,2.86
1099,source-3,N5,1454.16,2.86
1100,source-3,N6,2181.24,4.29
1101,source-3,source-1,2181.24,4.29
1102,source-3,source-2,1454.16,2.86
1103,source-3,source-3,727.08,1.43
1104,source-3,source-4,1454.16,2.86
1105,source-3,source-5,2908.32,5.72
1106,source-3,source-6,1454.16,2.86
1107,source-3,source-7,1454.16,2.86
1108,source-3,source-8,2181.24,4.29
1109,source-3,source-10,2181.24,4.29
1110,source-3,source-11,2181.24,4.29
1111,source-4,B010 (ALBAN TRACTOR),2181.24,4.29
1112,source-4,B190 (GILES AND RANSOME),2181.24,4.29
1113,source-4,B030 (ALTORFER),1454.16,2.86
1114,source-4,B150 (CLEVELAND BROS),1454.16,2.86
1115,source-4,B160 (FABCO EQ),1454.16,2.86
1116,source-4,B170 (FOLEY INC.),2181.24,4.29
1117,source-4,B270 (MACALLISTER),1454.16,2.86
1118,source-4,B290 (MICHIGAN CAT),1454.16,2.86
1119,source-4,B330 (OHIO MACHINERY),1454.16,2.86
1120,source-4,B350 (PATTEN IND),1454.16,2.86
1121,source-4,B370 (H.O. PENN MCHY),2181.24,4.29
1122,source-4,B420 (MILTON CAT),2181.24,4.29
1123,source-4,D070 (BLANCHARD MCHY),2181.24,4.29
1124,source-4,D090 (CAROLINA TR),2181.24,4.29
1125,source-4,D100 (CARTER MCHY),2181.24,4.29
1126,source-4,D120 (FABICK TR),1454.16,2.86
1127,source-4,D180 (GREGORY POOLE),2181.24,4.29
1128,source-4,D241 (LOUISIANA MCHY),727.08,1.43
1129,source-4,D260 (KELLY TRACTOR),2181.24,4.29
1130,source-4,D310 (J.A. RIGGS),1454.16,2.86
1131,source-4,D350 (RING POWER),2181.24,4.29
1132,source-4,D390 (STOWERS MCHY),2181.24,4.29
1133,source-4,D420 (THOMPSON MACH),2181.24,4.29
1134,source-4,D430 (THOMPSON TR),1454.16,2.86
1135,source-4,D440 (PUCKETT MACHY),2181.24,4.29
1136,source-4,D470 (CI WALKER MCHY),1454.16,2.86
1137,source-4,D480 (WHAYNE SUPPLY),1454.16,2.86
1138,source-4,D500 (YANCEY BROS),2181.24,4.29
1139,source-4,D600 (PIPELINE MACH),727.08,1.43
1140,source-4,E070 (BUTLER MCHY),1454.16,2.86
1141,source-4,E130 (FOLEY EQUIPMENT),1454.16,2.86
1142,source-4,E140 (HOLT TEXAS),727.08,1.43
1143,source-4,E250 (WAGNER EQ),1454.16,2.86
1144,source-4,E300 (MUSTANG MACH),727.08,1.43
1145,source-4,E30A (MUSTANG RENTAL),727.08,1.43
1146,source-4,E330 (NEBRASKA MCHY),1454.16,2.86
1147,source-4,E459 (WARREN POWER),727.08,1.43
1148,source-4,E480 (WHEELER MCHY),1454.16,2.86
1149,source-4,E490 (WYOMING MCHY),1454.16,2.86
1150,source-4,E500 (ZIEGLER),1454.16,2.86
1151,source-4,H070 (CASHMAN EQ),1454.16,2.86
1152,source-4,H160 (EMPIRE MACHY),1454.16,2.86
1153,source-4,H190 (HAWTHORNE MACHY),1454.16,2.86
1154,source-4,H200 (HOLT OF CA),1454.16,2.86
1155,source-4,H270 (JOHNSON MCHY),1454.16,2.86
1156,source-4,H330 (N C MACHINERY),2908.32,5.72
1157,source-4,H360 (PETERSON MACH),2908.32,5.72
1158,source-4,H370 (PETERSON TR),2908.32,5.72
1159,source-4,H430 (QUINN COMPANY),1454.16,2.86
1160,source-4,H510 (WESTERN ST. EQ.),2181.24,4.29
1161,source-4,N020 (TOROMONT CAT),2181.24,4.29
1162,source-4,N02P (BATTLEFIELD EQ),2181.24,4.29
1163,source-4,N030 (FINNING INT'L),3635.4,7.15
1164,source-4,N03C (RAYDON RENTALS),3635.4,7.15
1165,source-4,N050 (HEWITT EQ),727.08,1.43
1166,source-4,N070 (KRAMER),2181.24,4.29
1167,source-4,N140 (ATLANTIC T AND E),2908.32,5.72
1168,source-4,N600 (PIPELINE MACH),2181.24,4.29
1169,source-4,P020 (TRACSA),1454.16,2.86
1170,source-4,P230 (MADISA),727.08,1.43
1171,source-4,P260 (MAQSA),727.08,1.43
1172,source-4,P280 (MATCO),1454.16,2.86
1173,source-4,P380 (GENTRAC),2908.32,5.72
1174,source-4,R150 (PANAMERICAN),2181.24,4.29
1175,source-4,V208 (WAGNER ASIA),1454.16,2.86
1176,source-4,N1,1454.16,2.86
1177,source-4,N2,2181.24,4.29
1178,source-4,N3,2181.24,4.29
1179,source-4,N4,2181.24,4.29
1180,source-4,N5,2181.24,4.29
1181,source-4,N6,2908.32,5.72
1182,source-4,source-1,2181.24,4.29
1183,source-4,source-2,1454.16,2.86
1184,source-4,source-3,1454.16,2.86
1185,source-4,source-4,727.08,1.43
1186,source-4,source-5,2181.24,4.29
1187,source-4,source-6,2181.24,4.29
1188,source-4,source-7,1454.16,2.86
1189,source-4,source-8,1454.16,2.86
1190,source-4,source-10,2181.24,4.29
1191,source-4,source-11,2181.24,4.29
1192,source-5,B010 (ALBAN TRACTOR),2908.32,5.72
1193,source-5,B190 (GILES AND RANSOME),2908.32,5.72
1194,source-5,B030 (ALTORFER),2181.24,4.29
1195,source-5,B150 (CLEVELAND BROS),2181.24,4.29
1196,source-5,B160 (FABCO EQ),2908.32,5.72
1197,source-5,B170 (FOLEY INC.),2908.32,5.72
1198,source-5,B270 (MACALLISTER),2181.24,4.29
1199,source-5,B290 (MICHIGAN CAT),2908.32,5.72
1200,source-5,B330 (OHIO MACHINERY),2181.24,4.29
1201,source-5,B350 (PATTEN IND),2181.24,4.29
1202,source-5,B370 (H.O. PENN MCHY),2908.32,5.72
1203,source-5,B420 (MILTON CAT),2908.32,5.72
1204,source-5,D070 (BLANCHARD MCHY),2908.32,5.72
1205,source-5,D090 (CAROLINA TR),2908.32,5.72
1206,source-5,D100 (CARTER MCHY),2908.32,5.72
1207,source-5,D120 (FABICK TR),2181.24,4.29
1208,source-5,D180 (GREGORY POOLE),2908.32,5.72
1209,source-5,D241 (LOUISIANA MCHY),1454.16,2.86
1210,source-5,D260 (KELLY TRACTOR),2181.24,4.29
1211,source-5,D310 (J.A. RIGGS),2181.24,4.29
1212,source-5,D350 (RING POWER),2181.24,4.29
1213,source-5,D390 (STOWERS MCHY),2181.24,4.29
1214,source-5,D420 (THOMPSON MACH),2181.24,4.29
1215,source-5,D430 (THOMPSON TR),2181.24,4.29
1216,source-5,D440 (PUCKETT MACHY),2181.24,4.29
1217,source-5,D470 (CI WALKER MCHY),2181.24,4.29
1218,source-5,D480 (WHAYNE SUPPLY),2181.24,4.29
1219,source-5,D500 (YANCEY BROS),2181.24,4.29
1220,source-5,D600 (PIPELINE MACH),1454.16,2.86
1221,source-5,E070 (BUTLER MCHY),2181.24,4.29
1222,source-5,E130 (FOLEY EQUIPMENT),2181.24,4.29
1223,source-5,E140 (HOLT TEXAS),1454.16,2.86
1224,source-5,E250 (WAGNER EQ),2181.24,4.29
1225,source-5,E300 (MUSTANG MACH),1454.16,2.86
1226,source-5,E30A (MUSTANG RENTAL),1454.16,2.86
1227,source-5,E330 (NEBRASKA MCHY),2181.24,4.29
1228,source-5,E459 (WARREN POWER),1454.16,2.86
1229,source-5,E480 (WHEELER MCHY),2181.24,4.29
1230,source-5,E490 (WYOMING MCHY),2181.24,4.29
1231,source-5,E500 (ZIEGLER),2908.32,5.72
1232,source-5,H070 (CASHMAN EQ),2181.24,4.29
1233,source-5,H160 (EMPIRE MACHY),2181.24,4.29
1234,source-5,H190 (HAWTHORNE MACHY),2181.24,4.29
1235,source-5,H200 (HOLT OF CA),2181.24,4.29
1236,source-5,H270 (JOHNSON MCHY),2181.24,4.29
1237,source-5,H330 (N C MACHINERY),2908.32,5.72
1238,source-5,H360 (PETERSON MACH),2908.32,5.72
1239,source-5,H370 (PETERSON TR),2908.32,5.72
1240,source-5,H430 (QUINN COMPANY),2181.24,4.29
1241,source-5,H510 (WESTERN ST. EQ.),2181.24,4.29
1242,source-5,N020 (TOROMONT CAT),3635.4,7.15
1243,source-5,N02P (BATTLEFIELD EQ),2908.32,5.72
1244,source-5,N030 (FINNING INT'L),3635.4,7.15
1245,source-5,N03C (RAYDON RENTALS),3635.4,7.15
1246,source-5,N050 (HEWITT EQ),1454.16,2.86
1247,source-5,N070 (KRAMER),3635.4,7.15
1248,source-5,N140 (ATLANTIC T AND E),3635.4,7.15
1249,source-5,N600 (PIPELINE MACH),2908.32,5.72
1250,source-5,P020 (TRACSA),727.08,1.43
1251,source-5,P230 (MADISA),1454.16,2.86
1252,source-5,P260 (MAQSA),1454.16,2.86
1253,source-5,P280 (MATCO),1454.16,2.86
1254,source-5,R150 (PANAMERICAN),2908.32,5.72
1255,source-5,N1,3635.4,7.15
1256,source-5,N2,2908.32,5.72
1257,source-5,N3,2181.24,4.29
1258,source-5,N4,1454.16,2.86
1259,source-5,N5,2181.24,4.29
1260,source-5,N6,2908.32,5.72
1261,source-5,source-1,3635.4,7.15
1262,source-5,source-2,2908.32,5.72
1263,source-5,source-3,2908.32,5.72
1264,source-5,source-4,2181.24,4.29
1265,source-5,source-5,727.08,1.43
1266,source-5,source-6,3635.4,7.15
1267,source-5,source-7,2908.32,5.72
1268,source-5,source-8,2908.32,5.72
1269,source-5,source-10,3635.4,7.15
1270,source-5,source-11,3635.4,7.15
1271,source-6,B010 (ALBAN TRACTOR),2181.24,4.29
1272,source-6,B190 (GILES AND RANSOME),1454.16,2.86
1273,source-6,B030 (ALTORFER),1454.16,2.86
1274,source-6,B150 (CLEVELAND BROS),1454.16,2.86
1275,source-6,B160 (FABCO EQ),727.08,1.43
1276,source-6,B170 (FOLEY INC.),1454.16,2.86
1277,source-6,B270 (MACALLISTER),1454.16,2.86
1278,source-6,B290 (MICHIGAN CAT),727.08,1.43
1279,source-6,B330 (OHIO MACHINERY),1454.16,2.86
1280,source-6,B350 (PATTEN IND),1454.16,2.86
1281,source-6,B370 (H.O. PENN MCHY),1454.16,2.86
1282,source-6,B420 (MILTON CAT),1454.16,2.86
1283,source-6,D070 (BLANCHARD MCHY),2181.24,4.29
1284,source-6,D090 (CAROLINA TR),2181.24,4.29
1285,source-6,D100 (CARTER MCHY),2181.24,4.29
1286,source-6,D120 (FABICK TR),1454.16,2.86
1287,source-6,D180 (GREGORY POOLE),2181.24,4.29
1288,source-6,D241 (LOUISIANA MCHY),1454.16,2.86
1289,source-6,D260 (KELLY TRACTOR),2181.24,4.29
1290,source-6,D310 (J.A. RIGGS),1454.16,2.86
1291,source-6,D350 (RING POWER),2181.24,4.29
1292,source-6,D390 (STOWERS MCHY),2181.24,4.29
1293,source-6,D420 (THOMPSON MACH),2181.24,4.29
1294,source-6,D430 (THOMPSON TR),1454.16,2.86
1295,source-6,D440 (PUCKETT MACHY),2181.24,4.29
1296,source-6,D470 (CI WALKER MCHY),1454.16,2.86
1297,source-6,D480 (WHAYNE SUPPLY),1454.16,2.86
1298,source-6,D500 (YANCEY BROS),2181.24,4.29
1299,source-6,D600 (PIPELINE MACH),1454.16,2.86
1300,source-6,E070 (BUTLER MCHY),1454.16,2.86
1301,source-6,E130 (FOLEY EQUIPMENT),1454.16,2.86
1302,source-6,E140 (HOLT TEXAS),1454.16,2.86
1303,source-6,E250 (WAGNER EQ),2181.24,4.29
1304,source-6,E300 (MUSTANG MACH),1454.16,2.86
1305,source-6,E30A (MUSTANG RENTAL),1454.16,2.86
1306,source-6,E330 (NEBRASKA MCHY),1454.16,2.86
1307,source-6,E459 (WARREN POWER),1454.16,2.86
1308,source-6,E480 (WHEELER MCHY),2181.24,4.29
1309,source-6,E490 (WYOMING MCHY),1454.16,2.86
1310,source-6,E500 (ZIEGLER),727.08,1.43
1311,source-6,H070 (CASHMAN EQ),2181.24,4.29
1312,source-6,H160 (EMPIRE MACHY),2181.24,4.29
1313,source-6,H190 (HAWTHORNE MACHY),2181.24,4.29
1314,source-6,H200 (HOLT OF CA),2181.24,4.29
1315,source-6,H270 (JOHNSON MCHY),2181.24,4.29
1316,source-6,H330 (N C MACHINERY),2908.32,5.72
1317,source-6,H360 (PETERSON MACH),2908.32,5.72
1318,source-6,H370 (PETERSON TR),2908.32,5.72
1319,source-6,H430 (QUINN COMPANY),2181.24,4.29
1320,source-6,H510 (WESTERN ST. EQ.),2181.24,4.29
1321,source-6,N020 (TOROMONT CAT),1454.16,2.86
1322,source-6,N02P (BATTLEFIELD EQ),1454.16,2.86
1323,source-6,N030 (FINNING INT'L),3635.4,7.15
1324,source-6,N03C (RAYDON RENTALS),3635.4,7.15
1325,source-6,N050 (HEWITT EQ),1454.16,2.86
1326,source-6,N070 (KRAMER),2181.24,4.29
1327,source-6,N140 (ATLANTIC T AND E),2181.24,4.29
1328,source-6,N600 (PIPELINE MACH),1454.16,2.86
1329,source-6,P020 (TRACSA),2908.32,5.72
1330,source-6,P230 (MADISA),1454.16,2.86
1331,source-6,P260 (MAQSA),1454.16,2.86
1332,source-6,P280 (MATCO),2908.32,5.72
1333,source-6,P380 (GENTRAC),2908.32,5.72
1334,source-6,R150 (PANAMERICAN),2181.24,4.29
1335,source-6,V208 (WAGNER ASIA),1454.16,2.86
1336,source-6,N1,1454.16,2.86
1337,source-6,N2,2181.24,4.29
1338,source-6,N3,2181.24,4.29
1339,source-6,N4,2181.24,4.29
1340,source-6,N5,2181.24,4.29
1341,source-6,N6,2908.32,5.72
1342,source-6,source-1,2908.32,5.72
1343,source-6,source-2,2181.24,4.29
1344,source-6,source-3,1454.16,2.86
1345,source-6,source-4,2181.24,4.29
1346,source-6,source-5,3635.4,7.15
1347,source-6,source-6,727.08,1.43
1348,source-6,source-7,1454.16,2.86
1349,source-6,source-8,2181.24,4.29
1350,source-6,source-10,1454.16,2.86
1351,source-6,source-11,2181.24,4.29
1352,source-7,B010 (ALBAN TRACTOR),1454.16,2.86
1353,source-7,B190 (GILES AND RANSOME),1454.16,2.86
1354,source-7,B030 (ALTORFER),727.08,1.43
1355,source-7,B150 (CLEVELAND BROS),727.08,1.43
1356,source-7,B160 (FABCO EQ),1454.16,2.86
1357,source-7,B170 (FOLEY INC.),1454.16,2.86
1358,source-7,B270 (MACALLISTER),727.08,1.43
1359,source-7,B290 (MICHIGAN CAT),1454.16,2.86
1360,source-7,B330 (OHIO MACHINERY),727.08,1.43
1361,source-7,B350 (PATTEN IND),727.08,1.43
1362,source-7,B370 (H.O. PENN MCHY),1454.16,2.86
1363,source-7,B420 (MILTON CAT),1454.16,2.86
1364,source-7,D070 (BLANCHARD MCHY),1454.16,2.86
1365,source-7,D090 (CAROLINA TR),1454.16,2.86
1366,source-7,D100 (CARTER MCHY),1454.16,2.86
1367,source-7,D120 (FABICK TR),727.08,1.43
1368,source-7,D180 (GREGORY POOLE),1454.16,2.86
1369,source-7,D241 (LOUISIANA MCHY),1454.16,2.86
1370,source-7,D260 (KELLY TRACTOR),1454.16,2.86
1371,source-7,D310 (J.A. RIGGS),727.08,1.43
1372,source-7,D350 (RING POWER),1454.16,2.86
1373,source-7,D390 (STOWERS MCHY),1454.16,2.86
1374,source-7,D420 (THOMPSON MACH),1454.16,2.86
1375,source-7,D430 (THOMPSON TR),727.08,1.43
1376,source-7,D440 (PUCKETT MACHY),1454.16,2.86
1377,source-7,D470 (CI WALKER MCHY),727.08,1.43
1378,source-7,D480 (WHAYNE SUPPLY),727.08,1.43
1379,source-7,D500 (YANCEY BROS),1454.16,2.86
1380,source-7,D600 (PIPELINE MACH),1454.16,2.86
1381,source-7,E070 (BUTLER MCHY),1454.16,2.86
1382,source-7,E130 (FOLEY EQUIPMENT),1454.16,2.86
1383,source-7,E140 (HOLT TEXAS),1454.16,2.86
1384,source-7,E250 (WAGNER EQ),2181.24,4.29
1385,source-7,E300 (MUSTANG MACH),1454.16,2.86
1386,source-7,E30A (MUSTANG RENTAL),1454.16,2.86
1387,source-7,E330 (NEBRASKA MCHY),1454.16,2.86
1388,source-7,E459 (WARREN POWER),1454.16,2.86
1389,source-7,E480 (WHEELER MCHY),2181.24,4.29
1390,source-7,E490 (WYOMING MCHY),1454.16,2.86
1391,source-7,E500 (ZIEGLER),1454.16,2.86
1392,source-7,H070 (CASHMAN EQ),2181.24,4.29
1393,source-7,H160 (EMPIRE MACHY),2181.24,4.29
1394,source-7,H190 (HAWTHORNE MACHY),2181.24,4.29
1395,source-7,H200 (HOLT OF CA),2181.24,4.29
1396,source-7,H270 (JOHNSON MCHY),2181.24,4.29
1397,source-7,H330 (N C MACHINERY),2908.32,5.72
1398,source-7,H360 (PETERSON MACH),2908.32,5.72
1399,source-7,H370 (PETERSON TR),2908.32,5.72
1400,source-7,H430 (QUINN COMPANY),2181.24,4.29
1401,source-7,H510 (WESTERN ST. EQ.),1454.16,2.86
1402,source-7,N020 (TOROMONT CAT),2908.32,5.72
1403,source-7,N02P (BATTLEFIELD EQ),1454.16,2.86
1404,source-7,N030 (FINNING INT'L),3635.4,7.15
1405,source-7,N03C (RAYDON RENTALS),3635.4,7.15
1406,source-7,N050 (HEWITT EQ),1454.16,2.86
1407,source-7,N070 (KRAMER),2181.24,4.29
1408,source-7,N140 (ATLANTIC T AND E),2181.24,4.29
1409,source-7,N600 (PIPELINE MACH),2181.24,4.29
1410,source-7,P020 (TRACSA),2181.24,4.29
1411,source-7,P230 (MADISA),1454.16,2.86
1412,source-7,P260 (MAQSA),1454.16,2.86
1413,source-7,P280 (MATCO),2181.24,4.29
1414,source-7,R150 (PANAMERICAN),1454.16,2.86
1415,source-7,N1,1454.16,2.86
1416,source-7,N2,1454.16,2.86
1417,source-7,N3,1454.16,2.86
1418,source-7,N4,1454.16,2.86
1419,source-7,N5,2181.24,4.29
1420,source-7,N6,2908.32,5.72
1421,source-7,source-1,2908.32,5.72
1422,source-7,source-2,2181.24,4.29
1423,source-7,source-3,1454.16,2.86
1424,source-7,source-4,1454.16,2.86
1425,source-7,source-5,2908.32,5.72
1426,source-7,source-6,1454.16,2.86
1427,source-7,source-7,727.08,1.43
1428,source-7,source-8,1454.16,2.86
1429,source-7,source-10,1454.16,2.86
1430,source-7,source-11,1454.16,2.86
1431,source-8,B010 (ALBAN TRACTOR),1454.16,2.86
1432,source-8,B190 (GILES AND RANSOME),2181.24,4.29
1433,source-8,B030 (ALTORFER),1454.16,2.86
1434,source-8,B150 (CLEVELAND BROS),1454.16,2.86
1435,source-8,B160 (FABCO EQ),2181.24,4.29
1436,source-8,B170 (FOLEY INC.),2181.24,4.29
1437,source-8,B270 (MACALLISTER),1454.16,2.86
1438,source-8,B290 (MICHIGAN CAT),2181.24,4.29
1439,source-8,B330 (OHIO MACHINERY),1454.16,2.86
1440,source-8,B350 (PATTEN IND),1454.16,2.86
1441,source-8,B370 (H.O. PENN MCHY),2181.24,4.29
1442,source-8,B420 (MILTON CAT),2181.24,4.29
1443,source-8,D070 (BLANCHARD MCHY),1454.16,2.86
1444,source-8,D090 (CAROLINA TR),1454.16,2.86
1445,source-8,D100 (CARTER MCHY),1454.16,2.86
1446,source-8,D120 (FABICK TR),1454.16,2.86
1447,source-8,D180 (GREGORY POOLE),1454.16,2.86
1448,source-8,D241 (LOUISIANA MCHY),1454.16,2.86
1449,source-8,D260 (KELLY TRACTOR),727.08,1.43
1450,source-8,D310 (J.A. RIGGS),1454.16,2.86
1451,source-8,D350 (RING POWER),727.08,1.43
1452,source-8,D390 (STOWERS MCHY),727.08,1.43
1453,source-8,D420 (THOMPSON MACH),727.08,1.43
1454,source-8,D430 (THOMPSON TR),1454.16,2.86
1455,source-8,D440 (PUCKETT MACHY),727.08,1.43
1456,source-8,D470 (CI WALKER MCHY),1454.16,2.86
1457,source-8,D480 (WHAYNE SUPPLY),1454.16,2.86
1458,source-8,D500 (YANCEY BROS),727.08,1.43
1459,source-8,D600 (PIPELINE MACH),2908.32,5.72
1460,source-8,E070 (BUTLER MCHY),2908.32,5.72
1461,source-8,E130 (FOLEY EQUIPMENT),2181.24,4.29
1462,source-8,E140 (HOLT TEXAS),1454.16,2.86
1463,source-8,E250 (WAGNER EQ),2181.24,4.29
1464,source-8,E300 (MUSTANG MACH),1454.16,2.86
1465,source-8,E30A (MUSTANG RENTAL),1454.16,2.86
1466,source-8,E330 (NEBRASKA MCHY),1454.16,2.86
1467,source-8,E459 (WARREN POWER),1454.16,2.86
1468,source-8,E480 (WHEELER MCHY),2181.24,4.29
1469,source-8,E490 (WYOMING MCHY),2908.32,5.72
1470,source-8,E500 (ZIEGLER),2181.24,4.29
1471,source-8,H070 (CASHMAN EQ),2181.24,4.29
1472,source-8,H160 (EMPIRE MACHY),2181.24,4.29
1473,source-8,H190 (HAWTHORNE MACHY),2181.24,4.29
1474,source-8,H200 (HOLT OF CA),2181.24,4.29
1475,source-8,H270 (JOHNSON MCHY),2181.24,4.29
1476,source-8,H330 (N C MACHINERY),2908.32,5.72
1477,source-8,H360 (PETERSON MACH),2908.32,5.72
1478,source-8,H370 (PETERSON TR),2908.32,5.72
1479,source-8,H430 (QUINN COMPANY),2181.24,4.29
1480,source-8,H510 (WESTERN ST. EQ.),2908.32,5.72
1481,source-8,N020 (TOROMONT CAT),3635.4,7.15
1482,source-8,N02P (BATTLEFIELD EQ),2908.32,5.72
1483,source-8,N030 (FINNING INT'L),3635.4,7.15
1484,source-8,N03C (RAYDON RENTALS),3635.4,7.15
1485,source-8,N050 (HEWITT EQ),2908.32,5.72
1486,source-8,N070 (KRAMER),2908.32,5.72
1487,source-8,N140 (ATLANTIC T AND E),4362.48,8.58
1488,source-8,N600 (PIPELINE MACH),2908.32,5.72
1489,source-8,P020 (TRACSA),2181.24,4.29
1490,source-8,P230 (MADISA),1454.16,2.86
1491,source-8,P280 (MATCO),2181.24,4.29
1492,source-8,P380 (GENTRAC),1454.16,2.86
1493,source-8,R150 (PANAMERICAN),1454.16,2.86
1494,source-8,V208 (WAGNER ASIA),2181.24,4.29
1495,source-8,N1,2181.24,4.29
1496,source-8,N2,1454.16,2.86
1497,source-8,N3,727.08,1.43
1498,source-8,N4,1454.16,2.86
1499,source-8,N5,2908.32,5.72
1500,source-8,N6,3635.4,7.15
1501,source-8,source-1,2908.32,5.72
1502,source-8,source-2,2181.24,4.29
1503,source-8,source-3,2181.24,4.29
1504,source-8,source-4,1454.16,2.86
1505,source-8,source-5,2908.32,5.72
1506,source-8,source-6,2181.24,4.29
1507,source-8,source-7,1454.16,2.86
1508,source-8,source-8,727.08,1.43
1509,source-8,source-10,2181.24,4.29
1510,source-8,source-11,2181.24,4.29
1511,source-9,P050 (IIASA PANAMA),727.08,1.43
1512,source-9,P280 (MATCO),2181.24,4.29
1513,source-9,R400 (VENEQUIP),2181.24,4.29
1514,source-9,U060 (SOTREQ),4362.48,8.58
1515,source-9,U170 (PARANA EQ),4362.48,8.58
1516,source-9,S7,727.08,1.43
1517,source-9,source-9,727.08,1.43
1518,source-9,source-10,4362.48,8.58
1519,source-9,source-11,4362.48,8.58
1520,source-10,B010 (ALBAN TRACTOR),1454.16,2.86
1521,source-10,B190 (GILES AND RANSOME),727.08,1.43
1522,source-10,B030 (ALTORFER),1454.16,2.86
1523,source-10,B150 (CLEVELAND BROS),1454.16,2.86
1524,source-10,B160 (FABCO EQ),1454.16,2.86
1525,source-10,B170 (FOLEY INC.),727.08,1.43
1526,source-10,B270 (MACALLISTER),1454.16,2.86
1527,source-10,B290 (MICHIGAN CAT),1454.16,2.86
1528,source-10,B330 (OHIO MACHINERY),1454.16,2.86
1529,source-10,B350 (PATTEN IND),1454.16,2.86
1530,source-10,B370 (H.O. PENN MCHY),727.08,1.43
1531,source-10,B420 (MILTON CAT),727.08,1.43
1532,source-10,D070 (BLANCHARD MCHY),1454.16,2.86
1533,source-10,D090 (CAROLINA TR),1454.16,2.86
1534,source-10,D100 (CARTER MCHY),1454.16,2.86
1535,source-10,D120 (FABICK TR),1454.16,2.86
1536,source-10,D180 (GREGORY POOLE),1454.16,2.86
1537,source-10,D241 (LOUISIANA MCHY),2181.24,4.29
1538,source-10,D260 (KELLY TRACTOR),2181.24,4.29
1539,source-10,D310 (J.A. RIGGS),1454.16,2.86
1540,source-10,D350 (RING POWER),2181.24,4.29
1541,source-10,D390 (STOWERS MCHY),2181.24,4.29
1542,source-10,D420 (THOMPSON MACH),2181.24,4.29
1543,source-10,D430 (THOMPSON TR),1454.16,2.86
1544,source-10,D440 (PUCKETT MACHY),2181.24,4.29
1545,source-10,D470 (CI WALKER MCHY),1454.16,2.86
1546,source-10,D480 (WHAYNE SUPPLY),1454.16,2.86
1547,source-10,D500 (YANCEY BROS),2181.24,4.29
1548,source-10,D600 (PIPELINE MACH),2181.24,4.29
1549,source-10,E070 (BUTLER MCHY),2181.24,4.29
1550,source-10,E130 (FOLEY EQUIPMENT),2181.24,4.29
1551,source-10,E140 (HOLT TEXAS),2181.24,4.29
1552,source-10,E250 (WAGNER EQ),2908.32,5.72
1553,source-10,E300 (MUSTANG MACH),2181.24,4.29
1554,source-10,E30A (MUSTANG RENTAL),2181.24,4.29
1555,source-10,E330 (NEBRASKA MCHY),1454.16,2.86
1556,source-10,E459 (WARREN POWER),2181.24,4.29
1557,source-10,E480 (WHEELER MCHY),2908.32,5.72
1558,source-10,E490 (WYOMING MCHY),2908.32,5.72
1559,source-10,E500 (ZIEGLER),2181.24,4.29
1560,source-10,H070 (CASHMAN EQ),2908.32,5.72
1561,source-10,H160 (EMPIRE MACHY),2908.32,5.72
1562,source-10,H190 (HAWTHORNE MACHY),2908.32,5.72
1563,source-10,H200 (HOLT OF CA),2908.32,5.72
1564,source-10,H270 (JOHNSON MCHY),2908.32,5.72
1565,source-10,H330 (N C MACHINERY),3635.4,7.15
1566,source-10,H360 (PETERSON MACH),3635.4,7.15
1567,source-10,H370 (PETERSON TR),3635.4,7.15
1568,source-10,H430 (QUINN COMPANY),2908.32,5.72
1569,source-10,H510 (WESTERN ST. EQ.),2908.32,5.72
1570,source-10,N020 (TOROMONT CAT),2181.24,4.29
1571,source-10,N02P (BATTLEFIELD EQ),727.08,1.43
1572,source-10,N030 (FINNING INT'L),3635.4,7.15
1573,source-10,N03C (RAYDON RENTALS),3635.4,7.15
1574,source-10,N050 (HEWITT EQ),1454.16,2.86
1575,source-10,N070 (KRAMER),2181.24,4.29
1576,source-10,N140 (ATLANTIC T AND E),1454.16,2.86
1577,source-10,N600 (PIPELINE MACH),2181.24,4.29
1578,source-10,P280 (MATCO),2908.32,5.72
1579,source-10,R150 (PANAMERICAN),1454.16,2.86
1580,source-10,N1,727.08,1.43
1581,source-10,N2,1454.16,2.86
1582,source-10,N3,2181.24,4.29
1583,source-10,N4,2181.24,4.29
1584,source-10,N5,2908.32,5.72
1585,source-10,N6,3635.4,7.15
1586,source-10,source-1,3635.4,7.15
1587,source-10,source-2,2908.32,5.72
1588,source-10,source-3,2181.24,4.29
1589,source-10,source-4,2181.24,4.29
1590,source-10,source-5,3635.4,7.15
1591,source-10,source-6,1454.16,2.86
1592,source-10,source-7,1454.16,2.86
1593,source-10,source-8,2181.24,4.29
1594,source-10,source-9,4362.48,8.58
1595,source-10,source-10,727.08,1.43
1596,source-10,source-11,1454.16,2.86
1597,source-11,B010 (ALBAN TRACTOR),727.08,1.43
1598,source-11,B190 (GILES AND RANSOME),1454.16,2.86
1599,source-11,B030 (ALTORFER),1454.16,2.86
1600,source-11,B150 (CLEVELAND BROS),1454.16,2.86
1601,source-11,B160 (FABCO EQ),2181.24,4.29
1602,source-11,B170 (FOLEY INC.),1454.16,2.86
1603,source-11,B270 (MACALLISTER),1454.16,2.86
1604,source-11,B290 (MICHIGAN CAT),2181.24,4.29
1605,source-11,B330 (OHIO MACHINERY),1454.16,2.86
1606,source-11,B350 (PATTEN IND),1454.16,2.86
1607,source-11,B370 (H.O. PENN MCHY),1454.16,2.86
1608,source-11,B420 (MILTON CAT),1454.16,2.86
1609,source-11,D070 (BLANCHARD MCHY),727.08,1.43
1610,source-11,D090 (CAROLINA TR),727.08,1.43
1611,source-11,D100 (CARTER MCHY),727.08,1.43
1612,source-11,D120 (FABICK TR),1454.16,2.86
1613,source-11,D180 (GREGORY POOLE),727.08,1.43
1614,source-11,D241 (LOUISIANA MCHY),2181.24,4.29
1615,source-11,D260 (KELLY TRACTOR),1454.16,2.86
1616,source-11,D310 (J.A. RIGGS),1454.16,2.86
1617,source-11,D350 (RING POWER),1454.16,2.86
1618,source-11,D390 (STOWERS MCHY),1454.16,2.86
1619,source-11,D420 (THOMPSON MACH),1454.16,2.86
1620,source-11,D430 (THOMPSON TR),1454.16,2.86
1621,source-11,D440 (PUCKETT MACHY),1454.16,2.86
1622,source-11,D470 (CI WALKER MCHY),1454.16,2.86
1623,source-11,D480 (WHAYNE SUPPLY),1454.16,2.86
1624,source-11,D500 (YANCEY BROS),1454.16,2.86
1625,source-11,D600 (PIPELINE MACH),2908.32,5.72
1626,source-11,E070 (BUTLER MCHY),2908.32,5.72
1627,source-11,E130 (FOLEY EQUIPMENT),2181.24,4.29
1628,source-11,E140 (HOLT TEXAS),2181.24,4.29
1629,source-11,E250 (WAGNER EQ),2908.32,5.72
1630,source-11,E300 (MUSTANG MACH),2181.24,4.29
1631,source-11,E30A (MUSTANG RENTAL),2181.24,4.29
1632,source-11,E330 (NEBRASKA MCHY),1454.16,2.86
1633,source-11,E459 (WARREN POWER),2181.24,4.29
1634,source-11,E480 (WHEELER MCHY),2908.32,5.72
1635,source-11,E490 (WYOMING MCHY),2908.32,5.72
1636,source-11,E500 (ZIEGLER),2181.24,4.29
1637,source-11,H070 (CASHMAN EQ),2908.32,5.72
1638,source-11,H160 (EMPIRE MACHY),2908.32,5.72
1639,source-11,H190 (HAWTHORNE MACHY),2908.32,5.72
1640,source-11,H200 (HOLT OF CA),2908.32,5.72
1641,source-11,H270 (JOHNSON MCHY),2908.32,5.72
1642,source-11,H330 (N C MACHINERY),3635.4,7.15
1643,source-11,H360 (PETERSON MACH),3635.4,7.15
1644,source-11,H370 (PETERSON TR),3635.4,7.15
1645,source-11,H430 (QUINN COMPANY),2908.32,5.72
1646,source-11,H510 (WESTERN ST. EQ.),2908.32,5.72
1647,source-11,N020 (TOROMONT CAT),2908.32,5.72
1648,source-11,N02P (BATTLEFIELD EQ),2181.24,4.29
1649,source-11,N030 (FINNING INT'L),3635.4,7.15
1650,source-11,N03C (RAYDON RENTALS),3635.4,7.15
1651,source-11,N050 (HEWITT EQ),2181.24,4.29
1652,source-11,N070 (KRAMER),2908.32,5.72
1653,source-11,N140 (ATLANTIC T AND E),2181.24,4.29
1654,source-11,N600 (PIPELINE MACH),2908.32,5.72
1655,source-11,P280 (MATCO),2908.32,5.72
1656,source-11,R150 (PANAMERICAN),727.08,1.43
1657,source-11,V208 (WAGNER ASIA),2181.24,4.29
1658,source-11,N1,1454.16,2.86
1659,source-11,N2,727.08,1.43
1660,source-11,N3,1454.16,2.86
1661,source-11,N4,2181.24,4.29
1662,source-11,N5,2908.32,5.72
1663,source-11,N6,3635.4,7.15
1664,source-11,source-1,3635.4,7.15
1665,source-11,source-2,2908.32,5.72
1666,source-11,source-3,2181.24,4.29
1667,source-11,source-4,2181.24,4.29
1668,source-11,source-5,3635.4,7.15
1669,source-11,source-6,2181.24,4.29
1670,source-11,source-7,1454.16,2.86
1671,source-11,source-8,2181.24,4.29
1672,source-11,source-9,4362.48,8.58
1673,source-11,source-10,1454.16,2.86
1674,source-11,source-11,727.08,1.43
1675,source-12,P050 (IIASA PANAMA),727.08,1.43
1676,source-12,P120 (COGESA),1454.16,2.86
1677,source-12,P210 (MATRA),1454.16,2.86
1678,source-12,P340 (CEMCOL),1454.16,2.86
1679,source-12,P370 (NIMAC),1454.16,2.86
1680,source-12,R070 (FERREYROS ORVIS),727.08,1.43
1681,source-12,R080 (FERREYROS),1454.16,2.86
1682,source-12,R095 (FERREYROS UNIMA),727.08,1.43
1683,source-12,R400 (VENEQUIP),1454.16,2.86
1684,source-12,R440 (IIASA),1454.16,2.86
1685,source-12,R460 (GECOLSA),727.08,1.43
1686,source-12,U060 (SOTREQ),3635.4,7.15
1687,source-12,U170 (PARANA EQ),3635.4,7.15
1688,source-12,S1,1454.16,2.86
1689,source-12,S6,1454.16,2.86
1690,source-12,S7,727.08,1.43
1691,source-12,source-12,727.08,1.43
1692,source-12,source-13,1454.16,2.86
1693,source-12,source-15,1454.16,2.86
1694,source-13,R080 (FERREYROS),727.08,1.43
1695,source-13,R180 (FINNING BOLIVIA),1454.16,2.86
1696,source-13,R400 (VENEQUIP),2181.24,4.29
1697,source-13,R440 (IIASA),727.08,1.43
1698,source-13,R460 (GECOLSA),1454.16,2.86
1699,source-13,U060 (SOTREQ),2908.32,5.72
1700,source-13,U170 (PARANA EQ),2908.32,5.72
1701,source-13,S6,727.08,1.43
1702,source-13,S7,1454.16,2.86
1703,source-13,source-12,1454.16,2.86
1704,source-13,source-13,727.08,1.43
1705,source-13,source-15,2181.24,4.29
1706,source-14,R050 (FINNING AR),1454.16,2.86
1707,source-14,R070 (FERREYROS ORVIS),1454.16,2.86
1708,source-14,R095 (FERREYROS UNIMA),1454.16,2.86
1709,source-14,R100 (FINNING URUGUAY),1454.16,2.86
1710,source-14,R120 (FINNING CHILE),727.08,1.43
1711,source-14,R400 (VENEQUIP),3635.4,7.15
1712,source-14,U060 (SOTREQ),2181.24,4.29
1713,source-14,U170 (PARANA EQ),2181.24,4.29
1714,source-14,S4,1454.16,2.86
1715,source-14,S5,727.08,1.43
1716,source-14,S8,2181.24,4.29
1717,source-14,source-14,727.08,1.43
1718,source-15,P160 (IMCA),727.08,1.43
1719,source-15,P310 (TRACMAC),727.08,1.43
1720,source-15,P420 (RIMCO),727.08,1.43
1721,source-15,R070 (FERREYROS ORVIS),1454.16,2.86
1722,source-15,R095 (FERREYROS UNIMA),1454.16,2.86
1723,source-15,R160 (MACORP GUYANA),1454.16,2.86
1724,source-15,R350 (CKC SURMAC),1454.16,2.86
1725,source-15,R400 (VENEQUIP),727.08,1.43
1726,source-15,R460 (GECOLSA),1454.16,2.86
1727,source-15,U060 (SOTREQ),4362.48,8.58
1728,source-15,U170 (PARANA EQ),4362.48,8.58
1729,source-15,S1,727.08,1.43
1730,source-15,S2,2181.24,4.29
1731,source-15,S7,1454.16,2.86
1732,source-15,source-12,1454.16,2.86
1733,source-15,source-13,2181.24,4.29
1734,source-15,source-15,727.08,1.43
1735,source-16,P050 (IIASA PANAMA),1454.16,2.86
1736,source-16,R050 (FINNING AR),727.08,1.43
1737,source-16,R100 (FINNING URUGUAY),727.08,1.43
1738,source-16,R120 (FINNING CHILE),1454.16,2.86
1739,source-16,R180 (FINNING BOLIVIA),2181.24,4.29
1740,source-16,R200 (PETERSEN),2181.24,4.29
1741,source-16,R400 (VENEQUIP),4362.48,8.58
1742,source-16,U060 (SOTREQ),2181.24,4.29
1743,source-16,U170 (PARANA EQ),2181.24,4.29
1744,source-16,S3,2181.24,4.29
1745,source-16,S4,727.08,1.43
1746,source-16,S5,1454.16,2.86
1747,source-16,S8,1454.16,2.86
1748,source-16,source-16,727.08,1.43
1749,source-16,source-17,2181.24,4.29
1750,source-17,P050 (IIASA PANAMA),3635.4,7.15
1751,source-17,R050 (FINNING AR),2181.24,4.29
1752,source-17,R100 (FINNING URUGUAY),2181.24,4.29
1753,source-17,R160 (MACORP GUYANA),2181.24,4.29
1754,source-17,R180 (FINNING BOLIVIA),1454.16,2.86
1755,source-17,R200 (PETERSEN),727.08,1.43
1756,source-17,R350 (CKC SURMAC),2181.24,4.29
1757,source-17,R400 (VENEQUIP),3635.4,7.15
1758,source-17,U060 (SOTREQ),727.08,1.43
1759,source-17,U170 (PARANA EQ),727.08,1.43
1760,source-17,S2,2181.24,4.29
1761,source-17,S3,727.08,1.43
1762,source-17,S4,2181.24,4.29
1763,source-17,S8,1454.16,2.86
1764,source-17,source-16,2181.24,4.29
1765,source-17,source-17,727.08,1.43
1766,source-18,K310 (DELMAS),727.08,1.43
1767,source-18,M610 (FINNING (U.K.)),727.08,1.43
1768,source-18,E4,727.08,1.43
1769,source-18,source-18,727.08,1.43
1770,source-19,K310 (DELMAS),727.08,1.43
1771,source-19,K600 (TRACTAFRIC),727.08,1.43
1772,source-19,L010 (AVESCO),1454.16,2.86
1773,source-19,L030 (BERGERAT-FR),1454.16,2.86
1774,source-19,L040 (PON EQ A S DK),2181.24,4.29
1775,source-19,L080 (ZEPPELIN AT),1454.16,2.86
1776,source-19,L110 (PON EQ BV NL),2908.32,5.72
1777,source-19,L240 (ZEPPELIN DE),1454.16,2.86
1778,source-19,L24A (ZEPPELIN RENT),1454.16,2.86
1779,source-19,L310 (PON EQ AS NO),3635.4,7.15
1780,source-19,L390 (WITRAKTOR),2181.24,4.29
1781,source-19,L400 (BERGERAT-BE),1454.16,2.86
1782,source-19,M030 (ELTRAK),2181.24,4.29
1783,source-19,M040 (CGT),2181.24,4.29
1784,source-19,M180 (FSA),727.08,1.43
1785,source-19,M512 (CGT EDILIZIA),2181.24,4.29
1786,source-19,M530 (ELTRAK BG),2181.24,4.29
1787,source-19,V27E (ZEPPELIN RUSSIA),3635.4,7.15
1788,source-19,V27F (ZEPPELIN RUSSIA),3635.4,7.15
1789,source-19,V27U (ZEPPELIN RUSSIA),3635.4,7.15
1790,source-19,V351 (ZEPPELIN  UA),2181.24,4.29
1791,source-19,X080 (HUNTRACO),2181.24,4.29
1792,source-19,X150 (TEKNOXGROUP),2908.32,5.72
1793,source-19,X171 (BERGERAT-RO),2181.24,4.29
1794,source-19,X190 (PHOENIX ZEPP.),2181.24,4.29
1795,source-19,X191 (PHOENIX ZEPP.),2181.24,4.29
1796,source-19,X260 (MAGELLAN),1454.16,2.86
1797,source-19,X320 (WIHURI AS (EE)),2181.24,4.29
1798,source-19,X350 (WITRAKTOR (LV)),2181.24,4.29
1799,source-19,X355 (WITRAKTOR (LT)),2181.24,4.29
1800,source-19,X490 (BERGERAT POLAND),2181.24,4.29
1801,source-19,E1,1454.16,2.86
1802,source-19,E2,2181.24,4.29
1803,source-19,E5,727.08,1.43
1804,source-19,source-19,727.08,1.43
1805,source-19,source-20,2908.32,5.72
1806,source-19,source-21,1454.16,2.86
1807,source-19,source-22,2181.24,4.29
1808,source-19,source-24,2181.24,4.29
1809,source-19,source-25,2181.24,4.29
1810,source-20,K310 (DELMAS),727.08,1.43
1811,source-20,L010 (AVESCO),1454.16,2.86
1812,source-20,L030 (BERGERAT-FR),1454.16,2.86
1813,source-20,L040 (PON EQ A S DK),727.08,1.43
1814,source-20,L080 (ZEPPELIN AT),1454.16,2.86
1815,source-20,L100 (PON EQ AB SE),727.08,1.43
1816,source-20,L110 (PON EQ BV NL),727.08,1.43
1817,source-20,L240 (ZEPPELIN DE),1454.16,2.86
1818,source-20,L24A (ZEPPELIN RENT),1454.16,2.86
1819,source-20,L310 (PON EQ AS NO),727.08,1.43
1820,source-20,L390 (WITRAKTOR),1454.16,2.86
1821,source-20,L400 (BERGERAT-BE),1454.16,2.86
1822,source-20,M030 (ELTRAK),2908.32,5.72
1823,source-20,M040 (CGT),2908.32,5.72
1824,source-20,M180 (FSA),2908.32,5.72
1825,source-20,M512 (CGT EDILIZIA),2908.32,5.72
1826,source-20,M530 (ELTRAK BG),2181.24,4.29
1827,source-20,V27E (ZEPPELIN RUSSIA),2908.32,5.72
1828,source-20,V27F (ZEPPELIN RUSSIA),2908.32,5.72
1829,source-20,V27U (ZEPPELIN RUSSIA),2908.32,5.72
1830,source-20,V351 (ZEPPELIN  UA),2908.32,5.72
1831,source-20,X080 (HUNTRACO),1454.16,2.86
1832,source-20,X150 (TEKNOXGROUP),2181.24,4.29
1833,source-20,X171 (BERGERAT-RO),1454.16,2.86
1834,source-20,X190 (PHOENIX ZEPP.),1454.16,2.86
1835,source-20,X191 (PHOENIX ZEPP.),1454.16,2.86
1836,source-20,X320 (WIHURI AS (EE)),1454.16,2.86
1837,source-20,X350 (WITRAKTOR (LV)),1454.16,2.86
1838,source-20,X355 (WITRAKTOR (LT)),1454.16,2.86
1839,source-20,X490 (BERGERAT POLAND),1454.16,2.86
1840,source-20,E1,2181.24,4.29
1841,source-20,E2,1454.16,2.86
1842,source-20,E3,727.08,1.43
1843,source-20,E5,2908.32,5.72
1844,source-20,E6,2908.32,5.72
1845,source-20,E7,2181.24,4.29
1846,source-20,E10,2908.32,5.72
1847,source-20,source-19,2908.32,5.72
1848,source-20,source-20,727.08,1.43
1849,source-20,source-21,2181.24,4.29
1850,source-20,source-22,2908.32,5.72
1851,source-20,source-24,1454.16,2.86
1852,source-20,source-25,2181.24,4.29
1853,source-21,K310 (DELMAS),727.08,1.43
1854,source-21,L010 (AVESCO),727.08,1.43
1855,source-21,L030 (BERGERAT-FR),727.08,1.43
1856,source-21,L040 (PON EQ A S DK),1454.16,2.86
1857,source-21,L080 (ZEPPELIN AT),727.08,1.43
1858,source-21,L100 (PON EQ AB SE),2908.32,5.72
1859,source-21,L110 (PON EQ BV NL),1454.16,2.86
1860,source-21,L240 (ZEPPELIN DE),727.08,1.43
1861,source-21,L24A (ZEPPELIN RENT),727.08,1.43
1862,source-21,L310 (PON EQ AS NO),2908.32,5.72
1863,source-21,L390 (WITRAKTOR),1454.16,2.86
1864,source-21,L400 (BERGERAT-BE),727.08,1.43
1865,source-21,M030 (ELTRAK),1454.16,2.86
1866,source-21,M040 (CGT),1454.16,2.86
1867,source-21,M180 (FSA),1454.16,2.86
1868,source-21,M450 (BORUSAN MAKINA),1454.16,2.86
1869,source-21,M512 (CGT EDILIZIA),1454.16,2.86
1870,source-21,M530 (ELTRAK BG),1454.16,2.86
1871,source-21,V27E (ZEPPELIN RUSSIA),2908.32,5.72
1872,source-21,V27F (ZEPPELIN RUSSIA),2908.32,5.72
1873,source-21,V27U (ZEPPELIN RUSSIA),2908.32,5.72
1874,source-21,V351 (ZEPPELIN  UA),727.08,1.43
1875,source-21,X080 (HUNTRACO),1454.16,2.86
1876,source-21,X150 (TEKNOXGROUP),1454.16,2.86
1877,source-21,X171 (BERGERAT-RO),1454.16,2.86
1878,source-21,X190 (PHOENIX ZEPP.),1454.16,2.86
1879,source-21,X191 (PHOENIX ZEPP.),1454.16,2.86
1880,source-21,X260 (MAGELLAN),727.08,1.43
1881,source-21,X320 (WIHURI AS (EE)),1454.16,2.86
1882,source-21,X350 (WITRAKTOR (LV)),1454.16,2.86
1883,source-21,X355 (WITRAKTOR (LT)),1454.16,2.86
1884,source-21,X490 (BERGERAT POLAND),1454.16,2.86
1885,source-21,E1,727.08,1.43
1886,source-21,E2,1454.16,2.86
1887,source-21,E3,1454.16,2.86
1888,source-21,E5,1454.16,2.86
1889,source-21,E6,1454.16,2.86
1890,source-21,E7,1454.16,2.86
1891,source-21,E10,2181.24,4.29
1892,source-21,source-19,1454.16,2.86
1893,source-21,source-20,2181.24,4.29
1894,source-21,source-21,727.08,1.43
1895,source-21,source-22,1454.16,2.86
1896,source-21,source-24,1454.16,2.86
1897,source-21,source-25,1454.16,2.86
1898,source-22,K310 (DELMAS),1454.16,2.86
1899,source-22,K666 (UNATRAC HOLDING),1454.16,2.86
1900,source-22,L010 (AVESCO),1454.16,2.86
1901,source-22,L030 (BERGERAT-FR),1454.16,2.86
1902,source-22,L040 (PON EQ A S DK),2181.24,4.29
1903,source-22,L080 (ZEPPELIN AT),1454.16,2.86
1904,source-22,L100 (PON EQ AB SE),3635.4,7.15
1905,source-22,L110 (PON EQ BV NL),1454.16,2.86
1906,source-22,L240 (ZEPPELIN DE),1454.16,2.86
1907,source-22,L24A (ZEPPELIN RENT),1454.16,2.86
1908,source-22,L310 (PON EQ AS NO),3635.4,7.15
1909,source-22,L390 (WITRAKTOR),2181.24,4.29
1910,source-22,L400 (BERGERAT-BE),1454.16,2.86
1911,source-22,M030 (ELTRAK),727.08,1.43
1912,source-22,M040 (CGT),727.08,1.43
1913,source-22,M080 (I.T.E.),727.08,1.43
1914,source-22,M180 (FSA),1454.16,2.86
1915,source-22,M400 (PARENIN),727.08,1.43
1916,source-22,M450 (BORUSAN MAKINA),1454.16,2.86
1917,source-22,M512 (CGT EDILIZIA),727.08,1.43
1918,source-22,M530 (ELTRAK BG),1454.16,2.86
1919,source-22,M620 (MANTRAC EGYPT),1454.16,2.86
1920,source-22,Q160 (JALLAD LEBANON),727.08,1.43
1921,source-22,V27E (ZEPPELIN RUSSIA),2908.32,5.72
1922,source-22,V27F (ZEPPELIN RUSSIA),2908.32,5.72
1923,source-22,V27U (ZEPPELIN RUSSIA),2908.32,5.72
1924,source-22,V351 (ZEPPELIN  UA),727.08,1.43
1925,source-22,X080 (HUNTRACO),2181.24,4.29
1926,source-22,X150 (TEKNOXGROUP),2908.32,5.72
1927,source-22,X171 (BERGERAT-RO),2181.24,4.29
1928,source-22,X190 (PHOENIX ZEPP.),2181.24,4.29
1929,source-22,X191 (PHOENIX ZEPP.),2181.24,4.29
1930,source-22,X320 (WIHURI AS (EE)),2181.24,4.29
1931,source-22,X350 (WITRAKTOR (LV)),2181.24,4.29
1932,source-22,X355 (WITRAKTOR (LT)),2181.24,4.29
1933,source-22,X490 (BERGERAT POLAND),2181.24,4.29
1934,source-22,X540 (MTI),1454.16,2.86
1935,source-22,E1,1454.16,2.86
1936,source-22,E2,2181.24,4.29
1937,source-22,E3,2908.32,5.72
1938,source-22,E5,2181.24,4.29
1939,source-22,E6,727.08,1.43
1940,source-22,E7,2181.24,4.29
1941,source-22,E10,2908.32,5.72
1942,source-22,source-19,2181.24,4.29
1943,source-22,source-20,2908.32,5.72
1944,source-22,source-21,1454.16,2.86
1945,source-22,source-22,727.08,1.43
1946,source-22,source-26,1454.16,2.86
1947,source-23,K310 (DELMAS),2181.24,4.29
1948,source-23,K610 (TRACTAFRIC CM),1454.16,2.86
1949,source-23,K620 (TRACTAFRIC CG),727.08,1.43
1950,source-23,K630 (TRACTAFRIC GA),727.08,1.43
1951,source-23,K645 (BARTRAC EQUIP),1454.16,2.86
1952,source-23,X490 (BERGERAT POLAND),727.08,1.43
1953,source-23,M7,727.08,1.43
1954,source-23,M8,2181.24,4.29
1955,source-23,M12,727.08,1.43
1956,source-23,M13,1454.16,2.86
1957,source-23,source-23,727.08,1.43
1958,source-24,J122 (SIME DARBY CEL),2908.32,5.72
1959,source-24,L010 (AVESCO),1454.16,2.86
1960,source-24,L030 (BERGERAT-FR),1454.16,2.86
1961,source-24,L040 (PON EQ A S DK),1454.16,2.86
1962,source-24,L080 (ZEPPELIN AT),1454.16,2.86
1963,source-24,L100 (PON EQ AB SE),2181.24,4.29
1964,source-24,L110 (PON EQ BV NL),1454.16,2.86
1965,source-24,L240 (ZEPPELIN DE),1454.16,2.86
1966,source-24,L24A (ZEPPELIN RENT),1454.16,2.86
1967,source-24,L310 (PON EQ AS NO),2181.24,4.29
1968,source-24,L390 (WITRAKTOR),727.08,1.43
1969,source-24,L400 (BERGERAT-BE),1454.16,2.86
1970,source-24,M030 (ELTRAK),2181.24,4.29
1971,source-24,M040 (CGT),2181.24,4.29
1972,source-24,M180 (FSA),2181.24,4.29
1973,source-24,M450 (BORUSAN MAKINA),1454.16,2.86
1974,source-24,M512 (CGT EDILIZIA),2181.24,4.29
1975,source-24,M530 (ELTRAK BG),1454.16,2.86
1976,source-24,V27E (ZEPPELIN RUSSIA),2181.24,4.29
1977,source-24,V27F (ZEPPELIN RUSSIA),2181.24,4.29
1978,source-24,V27U (ZEPPELIN RUSSIA),2181.24,4.29
1979,source-24,V351 (ZEPPELIN  UA),1454.16,2.86
1980,source-24,X080 (HUNTRACO),727.08,1.43
1981,source-24,X150 (TEKNOXGROUP),1454.16,2.86
1982,source-24,X171 (BERGERAT-RO),727.08,1.43
1983,source-24,X190 (PHOENIX ZEPP.),727.08,1.43
1984,source-24,X191 (PHOENIX ZEPP.),727.08,1.43
1985,source-24,X320 (WIHURI AS (EE)),727.08,1.43
1986,source-24,X350 (WITRAKTOR (LV)),727.08,1.43
1987,source-24,X355 (WITRAKTOR (LT)),727.08,1.43
1988,source-24,X490 (BERGERAT POLAND),1454.16,2.86
1989,source-24,E1,1454.16,2.86
1990,source-24,E2,727.08,1.43
1991,source-24,E3,1454.16,2.86
1992,source-24,E5,2181.24,4.29
1993,source-24,E6,2181.24,4.29
1994,source-24,E7,1454.16,2.86
1995,source-24,E10,2181.24,4.29
1996,source-24,source-19,2181.24,4.29
1997,source-24,source-20,1454.16,2.86
1998,source-24,source-21,1454.16,2.86
1999,source-24,source-24,727.08,1.43
2000,source-24,source-25,1454.16,2.86
2001,source-25,L010 (AVESCO),1454.16,2.86
2002,source-25,L030 (BERGERAT-FR),1454.16,2.86
2003,source-25,L040 (PON EQ A S DK),2181.24,4.29
2004,source-25,L080 (ZEPPELIN AT),1454.16,2.86
2005,source-25,L100 (PON EQ AB SE),2908.32,5.72
2006,source-25,L110 (PON EQ BV NL),1454.16,2.86
2007,source-25,L240 (ZEPPELIN DE),1454.16,2.86
2008,source-25,L24A (ZEPPELIN RENT),1454.16,2.86
2009,source-25,L310 (PON EQ AS NO),2908.32,5.72
2010,source-25,L390 (WITRAKTOR),1454.16,2.86
2011,source-25,L400 (BERGERAT-BE),1454.16,2.86
2012,source-25,M030 (ELTRAK),2181.24,4.29
2013,source-25,M040 (CGT),2181.24,4.29
2014,source-25,M080 (I.T.E.),1454.16,2.86
2015,source-25,M180 (FSA),2181.24,4.29
2016,source-25,M450 (BORUSAN MAKINA),727.08,1.43
2017,source-25,M512 (CGT EDILIZIA),2181.24,4.29
2018,source-25,M530 (ELTRAK BG),727.08,1.43
2019,source-25,Q160 (JALLAD LEBANON),1454.16,2.86
2020,source-25,V255 (ZEPPELIN AM),2181.24,4.29
2021,source-25,V27E (ZEPPELIN RUSSIA),2181.24,4.29
2022,source-25,V27F (ZEPPELIN RUSSIA),2181.24,4.29
2023,source-25,V27U (ZEPPELIN RUSSIA),2181.24,4.29
2024,source-25,V351 (ZEPPELIN  UA),1454.16,2.86
2025,source-25,V362 (MIT AZERBAIJAN),2181.24,4.29
2026,source-25,V363 (MIT KAZAKHSTAN),2181.24,4.29
2027,source-25,X080 (HUNTRACO),1454.16,2.86
2028,source-25,X150 (TEKNOXGROUP),727.08,1.43
2029,source-25,X171 (BERGERAT-RO),1454.16,2.86
2030,source-25,X190 (PHOENIX ZEPP.),1454.16,2.86
2031,source-25,X191 (PHOENIX ZEPP.),1454.16,2.86
2032,source-25,X320 (WIHURI AS (EE)),1454.16,2.86
2033,source-25,X350 (WITRAKTOR (LV)),1454.16,2.86
2034,source-25,X355 (WITRAKTOR (LT)),1454.16,2.86
2035,source-25,E1,1454.16,2.86
2036,source-25,E2,1454.16,2.86
2037,source-25,E3,2181.24,4.29
2038,source-25,E5,2908.32,5.72
2039,source-25,E6,2908.32,5.72
2040,source-25,E7,727.08,1.43
2041,source-25,E10,1454.16,2.86
2042,source-25,source-19,2181.24,4.29
2043,source-25,source-20,2181.24,4.29
2044,source-25,source-21,1454.16,2.86
2045,source-25,source-24,1454.16,2.86
2046,source-25,source-25,727.08,1.43
2047,source-26,K491 (EZENTUS FZE),1454.16,2.86
2048,source-26,K625 (TRACTAFRIC MA),2181.24,4.29
2049,source-26,K666 (UNATRAC HOLDING),727.08,1.43
2050,source-26,M080 (I.T.E.),1454.16,2.86
2051,source-26,M400 (PARENIN),1454.16,2.86
2052,source-26,M450 (BORUSAN MAKINA),1454.16,2.86
2053,source-26,M620 (MANTRAC EGYPT),727.08,1.43
2054,source-26,Q160 (JALLAD LEBANON),1454.16,2.86
2055,source-26,E6,1454.16,2.86
2056,source-26,M1,727.08,1.43
2057,source-26,M2,1454.16,2.86
2058,source-26,source-22,1454.16,2.86
2059,source-26,source-26,727.08,1.43
2060,source-27,K02A (BARLOWORLD AO),1454.16,2.86
2061,source-27,K030 (BARLOWORLD ZA),727.08,1.43
2062,source-27,M5,1454.16,2.86
2063,source-27,M6,727.08,1.43
2064,source-27,M11,1454.16,2.86
2065,source-27,M12,1454.16,2.86
2066,source-27,M13,727.08,1.43
2067,source-27,source-27,727.08,1.43
2068,source-28,J090 (GMMCO SOUTH),1454.16,2.86
2069,source-28,J093 (GMMCO EAST),727.08,1.43
2070,source-28,J09R (GMMCO NORTH),1454.16,2.86
2071,source-28,J09T (GMMCO WEST),727.08,1.43
2072,source-28,J250 (TIPL EAST),1454.16,2.86
2073,source-28,J251 (TIPL NC),1454.16,2.86
2074,source-28,J25C (TIPL SE),1454.16,2.86
2075,source-28,J25D (TIPL NORTH),1454.16,2.86
2076,source-28,A7,727.08,1.43
2077,source-28,source-28,727.08,1.43
2078,source-28,source-29,1454.16,2.86
2079,source-29,J090 (GMMCO SOUTH),727.08,1.43
2080,source-29,J093 (GMMCO EAST),727.08,1.43
2081,source-29,J09R (GMMCO NORTH),1454.16,2.86
2082,source-29,J09T (GMMCO WEST),1454.16,2.86
2083,source-29,J250 (TIPL EAST),1454.16,2.86
2084,source-29,J251 (TIPL NC),1454.16,2.86
2085,source-29,J25C (TIPL SE),1454.16,2.86
2086,source-29,J25D (TIPL NORTH),2181.24,4.29
2087,source-29,J300 (UTE),727.08,1.43
2088,source-29,A6,727.08,1.43
2089,source-29,A7,1454.16,2.86
2090,source-29,source-28,1454.16,2.86
2091,source-29,source-29,727.08,1.43
2092,source-30,J010 (CEL HK),727.08,1.43
2093,source-30,J016 (CEL NANNING),727.08,1.43
2094,source-30,J018 (CEL HAINAN),727.08,1.43
2095,source-30,J021 (CEL SHUNDE),727.08,1.43
2096,source-30,J022 (CEL XIAMEN),1454.16,2.86
2097,source-30,J050 (LAO-METRO),727.08,1.43
2098,source-30,J0AA (CEL JIANGXI),1454.16,2.86
2099,source-30,J121 (SIME DARBY CEL),1454.16,2.86
2100,source-30,J440 (LEI SHING HONG),727.08,1.43
2101,source-30,J490 (ECI-METRO),727.08,1.43
2102,source-30,J520 (MSP TRACTORS),1454.16,2.86
2103,source-30,V234 (TIGER MACHINERY),1454.16,2.86
2104,source-30,V237 (TIGER MACHINERY),727.08,1.43
2105,source-30,V262 (VOSTOCHNAYA TEC),2908.32,5.72
2106,source-30,V266 (VOSTOCHNAYA TEC),2908.32,5.72
2107,source-30,E11,2908.32,5.72
2108,source-30,A3,1454.16,2.86
2109,source-30,A4,727.08,1.43
2110,source-30,A8,2181.24,4.29
2111,source-30,A9,2181.24,4.29
2112,source-30,A12,2181.24,4.29
2113,source-30,source-30,727.08,1.43
2114,source-30,source-32,2181.24,4.29
2115,source-31,J210 (P.T.T.U.),727.08,1.43
2116,source-31,A5,727.08,1.43
2117,source-31,source-31,727.08,1.43
2118,source-32,J010 (CEL HK),1454.16,2.86
2119,source-32,J016 (CEL NANNING),1454.16,2.86
2120,source-32,J018 (CEL HAINAN),1454.16,2.86
2121,source-32,J021 (CEL SHUNDE),727.08,1.43
2122,source-32,J022 (CEL XIAMEN),727.08,1.43
2123,source-32,J050 (LAO-METRO),1454.16,2.86
2124,source-32,J080 (HAE IN CORP.),1454.16,2.86
2125,source-32,J0AA (CEL JIANGXI),727.08,1.43
2126,source-32,J121 (SIME DARBY CEL),1454.16,2.86
2127,source-32,J440 (LEI SHING HONG),1454.16,2.86
2128,source-32,J490 (ECI-METRO),1454.16,2.86
2129,source-32,J540 (WESTRAC CHINA),1454.16,2.86
2130,source-32,J560 (CAPITAL MACHINE),727.08,1.43
2131,source-32,V234 (TIGER MACHINERY),727.08,1.43
2132,source-32,V237 (TIGER MACHINERY),727.08,1.43
2133,source-32,E11,2181.24,4.29
2134,source-32,A3,727.08,1.43
2135,source-32,A4,1454.16,2.86
2136,source-32,A8,2908.32,5.72
2137,source-32,A9,2908.32,5.72
2138,source-32,A12,1454.16,2.86
2139,source-32,source-30,2181.24,4.29
2140,source-32,source-32,727.08,1.43
2141,source-33,T010 (WM ADAMS),2181.24,4.29
2142,source-33,T070 (CAVILL POWER),1454.16,2.86
2143,source-33,T080 (WESTRAC),727.08,1.43
2144,source-33,Z5,727.08,1.43
2145,source-33,Z7,2181.24,4.29
2146,source-33,source-33,727.08,1.43
2147,source-34,W220 (SHIKOKUKIKI),727.08,1.43
2148,source-34,W230 (SHIKOKU CONST),727.08,1.43
2149,source-34,W310 (CAT KYUSHU),727.08,1.43
2150,source-34,W611 (CAT EAST JAPAN),1454.16,2.86
2151,source-34,W670 (CAT TOHOKU),1454.16,2.86
2152,source-34,W720 (CAT WEST JAPAN),727.08,1.43
2153,source-34,V234 (TIGER MACHINERY),727.08,1.43
2154,source-34,V237 (TIGER MACHINERY),727.08,1.43
2155,source-34,E11,2181.24,4.29
2156,source-34,A1,1454.16,2.86
2157,source-34,A2,727.08,1.43
2158,source-34,A12,1454.16,2.86
2159,source-34,source-34,727.08,1.43
2160,source-34,source-35,1454.16,2.86
2161,source-35,W220 (SHIKOKUKIKI),1454.16,2.86
2162,source-35,W230 (SHIKOKU CONST),1454.16,2.86
2163,source-35,W310 (CAT KYUSHU),1454.16,2.86
2164,source-35,W611 (CAT EAST JAPAN),727.08,1.43
2165,source-35,W670 (CAT TOHOKU),727.08,1.43
2166,source-35,W720 (CAT WEST JAPAN),1454.16,2.86
2167,source-35,A1,727.08,1.43
2168,source-35,A2,1454.16,2.86
2169,source-35,source-34,1454.16,2.86
2170,source-35,source-35,727.08,1.43
2171,source-36,T010 (WM ADAMS),727.08,1.43
2172,source-36,T070 (CAVILL POWER),1454.16,2.86
2173,source-36,T080 (WESTRAC),2908.32,5.72
2174,source-36,T120 (WESTRAC NSW),1454.16,2.86
2175,source-36,Z2,1454.16,2.86
2176,source-36,Z3,727.08,1.43
2177,source-36,source-36,727.08,1.43
2178,source-36,source-37,2181.24,4.29
2179,source-36,source-38,1454.16,2.86
2180,source-37,T030 (HASTINGS (AU)),727.08,1.43
2181,source-37,T040 (HASTINGS (PNG)),2181.24,4.29
2182,source-37,T080 (WESTRAC),2908.32,5.72
2183,source-37,T120 (WESTRAC NSW),1454.16,2.86
2184,source-37,Z1,727.08,1.43
2185,source-37,Z2,1454.16,2.86
2186,source-37,Z7,2181.24,4.29
2187,source-37,source-36,2181.24,4.29
2188,source-37,source-37,727.08,1.43
2189,source-37,source-38,1454.16,2.86
2190,source-38,T010 (WM ADAMS),1454.16,2.86
2191,source-38,T030 (HASTINGS (AU)),1454.16,2.86
2192,source-38,T080 (WESTRAC),2908.32,5.72
2193,source-38,T120 (WESTRAC NSW),727.08,1.43
2194,source-38,Z1,1454.16,2.86
2195,source-38,Z2,727.08,1.43
2196,source-38,Z3,1454.16,2.86
2197,source-38,source-36,1454.16,2.86
2198,source-38,source-37,1454.16,2.86
2199,source-38,source-38,727.08,1.43
2200,source-39,T210 (GOUGH AND HAMER),727.08,1.43
2201,source-39,Z4,727.08,1.43
2202,source-39,source-39,727.08,1.43
2203,source-39,source-40,727.08,1.43
2204,source-40,J010 (CEL HK),1454.16,2.86
2205,source-40,J016 (CEL NANNING),1454.16,2.86
2206,source-40,J018 (CEL HAINAN),1454.16,2.86
2207,source-40,J021 (CEL SHUNDE),1454.16,2.86
2208,source-40,J022 (CEL XIAMEN),2181.24,4.29
2209,source-40,J050 (LAO-METRO),1454.16,2.86
2210,source-40,J0AA (CEL JIANGXI),2181.24,4.29
2211,source-40,J121 (SIME DARBY CEL),2181.24,4.29
2212,source-40,J440 (LEI SHING HONG),1454.16,2.86
2213,source-40,J490 (ECI-METRO),1454.16,2.86
2214,source-40,J520 (MSP TRACTORS),2181.24,4.29
2215,source-40,V234 (TIGER MACHINERY),2181.24,4.29
2216,source-40,V237 (TIGER MACHINERY),1454.16,2.86
2217,source-40,A8,727.08,1.43
2218,source-40,A9,2181.24,4.29
